Id,Temperature (K),Pressure (kPa),N Components,Component 1,Mole Fraction 1,Reference Density Value (g / ml),Reference Density Uncertainty (g / ml),Estimated Density Value (g / ml),Estimated Density Uncertainty (g / ml),Delta^2,Weight,Denom,Term,d Term / d [#1:1]-[#6X4] epsilon,d Term / d [#1:1]-[#6X4] rmin_half,d Term / d [#6X4:1] epsilon,d Term / d [#6X4:1] rmin_half,d Term / d [#8X2H1+0:1] epsilon,d Term / d [#8X2H1+0:1] rmin_half,d Term / d [#6:1] epsilon,d Term / d [#6:1] rmin_half,d Term / d [#8:1] epsilon,d Term / d [#8:1] rmin_half,d Term / d [#8X2H0+0:1] epsilon,d Term / d [#8X2H0+0:1] rmin_half,Environment 1
6bce57dafd0a4f7db22c97be283f7072,298.15,101.325,1,CCCCCC,1.0,0.6549610000000001,0.0,0.6395174983307276,0.0002295359833513645,0.00023850174380882412,0.007874015748031496,0.04821932532357388,0.0008076916232876769,0.4528909982330203,-0.05611237879228287,0.24544185666057378,0.026602769605110037,,,,,,,,,alkane
98dfde7944bf44bea8000f1e4d6ea8e4,298.15,101.325,1,CC(C)CC(C)(C)C,1.0,0.6877900000000001,0.0,0.7055619336916444,0.0001929636582326561,0.0003158416271402023,0.007874015748031496,0.04821932532357388,0.001069604911279701,-0.32681062570340697,0.0745777306865337,-0.24669208005850518,-0.022834616595343707,,,,,,,,,alkane
6592c1fb6333488eb660fc3dafe00290,298.15,101.325,1,CC1CCCCC1,1.0,0.7667000000000003,0.0,0.7649827892731248,0.0001926681626103775,2.9488126804961914e-06,0.007874015748031496,0.04821932532357388,9.986221746832927e-06,0.027196361186945333,-0.008101207935544818,0.027421904734834433,0.002573199008516885,,,,,,,,,alkane
87ff75ca440e4c8c8fe9335cb745f360,298.15,101.325,1,CCCCCCC,1.0,0.6796000000000002,0.0,0.6684382180857364,0.00020165940540739142,0.0001245853755015855,0.007874015748031496,0.04821932532357388,0.0004219112303742301,0.1818730135055311,-0.05617563264416828,0.17118108957842595,0.013359732481384312,,,,,,,,,alkane
7adf507e0d3b42bf93a24110e357fafe,298.15,101.325,1,CCCCCCCCCC,1.0,0.7261500000000002,0.0,0.723280240707253,0.00015929107000037213,8.235518398308518e-06,0.007874015748031496,0.04821932532357388,2.7889771862956224e-05,0.04733431974840027,-0.011241329995392525,0.039705410058515404,0.004301213878186132,,,,,,,,,alkane
de7cf3d0de5741e5a35a443a439861e9,298.15,101.325,1,C1CCCCC1,1.0,0.7737800000000001,0.0,0.7588621714461863,0.00018537472206922804,0.00022254160876098382,0.007874015748031496,0.04821932532357388,0.0007536422600469052,0.1384700746524182,-0.06560473460725752,0.19486312291409283,0.013290652189032436,,,,,,,,,alkane
