Id,Temperature (K),Pressure (kPa),N Components,Component 1,Mole Fraction 1,Reference Density Value (g / ml),Reference Density Uncertainty (g / ml),Estimated Density Value (g / ml),Estimated Density Uncertainty (g / ml),Delta^2,Weight,Denom,Term,d Term / d [#1:1]-[#6X4] epsilon,d Term / d [#1:1]-[#6X4] rmin_half,d Term / d [#6X4:1] epsilon,d Term / d [#6X4:1] rmin_half,d Term / d [#8X2H1+0:1] epsilon,d Term / d [#8X2H1+0:1] rmin_half,d Term / d [#6:1] epsilon,d Term / d [#6:1] rmin_half,d Term / d [#8:1] epsilon,d Term / d [#8:1] rmin_half,d Term / d [#8X2H0+0:1] epsilon,d Term / d [#8X2H0+0:1] rmin_half,Environment 1
0b24264e4f7041f1b0599746a6bcbe94,298.15,101.325,1,O=C1CCCCCC1,1.0,0.9476200000000002,0.0,0.9339273128866356,0.00020778341618706502,0.0001874896803845034,0.03571428571428571,0.04821932532357388,0.0028798978152554007,-0.015202570037593966,-0.25384199872102065,0.7204665508964451,-0.004866945544397921,,,0.12331668244284949,0.0032210025291055573,0.03746070011961877,-0.06081561282571592,,,ketone
a5717fa9521e409f9a64b296b86f1259,298.15,101.325,1,O=C1CCCCC1,1.0,0.9430000000000002,0.0,0.9254832962979627,0.00021413321518145458,0.0003068349085849745,0.03571428571428571,0.04821932532357388,0.004713076373407671,0.551477369308047,-0.2520094804092567,0.8481972004390409,0.005837824581972687,,,0.1825377585470042,0.01503113662797105,0.05949577099852704,-0.06361456755792852,,,ketone
7bd17fead51341e48da1d3a641e5f6c2,298.15,101.325,1,CCCC(C)=O,1.0,0.8019900000000002,0.0,0.7755852435998911,0.00021333424265222348,0.0006972111605491018,0.03571428571428571,0.04821932532357388,0.010709372878119216,1.218763187451959,-0.4319901537284829,1.2270015257294973,-0.049744479903801014,,,0.32907999370364793,0.014600409436379245,0.10015727225653863,-0.1131272724894885,,,ketone
11a3bedec99f4bdeb7a86cb925bace53,298.15,101.325,1,O=C1CCCC1,1.0,0.9453,0.0,0.9198710523610693,0.00024174875207790816,0.0006466313780234831,0.03571428571428571,0.04821932532357388,0.009932452223644294,1.172243696977256,-0.3821157787384194,1.3997841460616969,0.015209311384908164,,,0.37755194609105236,0.02385637008649217,0.1342542741688238,-0.09540696269226961,,,ketone
