Id,Temperature (K),Pressure (kPa),N Components,Component 1,Mole Fraction 1,Reference EnthalpyOfVaporization Value (kJ / mol),Reference EnthalpyOfVaporization Uncertainty (kJ / mol),Estimated EnthalpyOfVaporization Value (kJ / mol),Estimated EnthalpyOfVaporization Uncertainty (kJ / mol),Delta^2,Weight,Denom,Term,d Term / d [#1:1]-[#6X4] epsilon,d Term / d [#1:1]-[#6X4] rmin_half,d Term / d [#6:1] epsilon,d Term / d [#6:1] rmin_half,d Term / d [#6X4:1] epsilon,d Term / d [#6X4:1] rmin_half,d Term / d [#8:1] epsilon,d Term / d [#8:1] rmin_half,d Term / d [#8X2H1+0:1] epsilon,d Term / d [#8X2H1+0:1] rmin_half,d Term / d [#8X2H0+0:1] epsilon,d Term / d [#8X2H0+0:1] rmin_half,Environment 1
055bb046803c41e199b4713916d63357,298.15,101.325,1,C1COCCO1,1.0,38.64,0.0,48.46597915887694,0.26593004803899545,96.54986643068398,0.03571428571428571,25.6831695776047,0.005227528477874262,,,,,-0.32993477677143307,-0.04625254613039918,,,,,-0.08965284248780445,-0.015700031047153482,ether
b1f47515d3614067b49215bb7022e4ed,298.15,101.325,1,C1CCOCC1,1.0,34.94,0.0,38.92678062965147,0.24810592191427785,15.894419788964171,0.03571428571428571,25.6831695776047,0.0008605763545592281,-0.2061697258122214,0.0061029380815874066,,,-0.1502487978891382,-0.027261844284170146,,,,,-0.015894642482898118,-0.002289643696393581,ether
29bbe7dd6eca44b48906aaf9b4eb4235,298.15,101.325,1,COC(C)(C)C,1.0,32.42,0.0,33.02008384708148,0.18227553698930915,0.3601006235281072,0.03571428571428571,25.6831695776047,1.949703644328618e-05,-0.04167490659434627,0.00093431838432341,,,-0.01971591699893522,-0.003646726149477726,,,,,-0.002044913833719792,-0.0006178989176899445,ether
16da8f9ca25f46a5adb5d65fe9238ed2,298.15,101.325,1,CC(C)OC(C)C,1.0,32.12,0.0,36.88343780436096,0.2980438990275346,22.690339716015178,0.03571428571428571,25.6831695776047,0.00122852989261531,-0.46432613872360745,0.004334080116498711,,,-0.17607075942401626,-0.035178222304375346,,,,,-0.01344280632994103,-0.004620057412281861,ether
bb09c2d9541843a8bb9b84ccf9fd4d26,298.15,101.325,1,CCCCOCCCC,1.0,44.99,0.0,51.53799313511599,0.3657473498961808,42.8762140975261,0.03571428571428571,25.6831695776047,0.002321459764826976,-0.8071968581145621,0.017773829768603193,,,-0.39272097451718146,-0.07675457113356937,,,,,-0.027956071674638705,-0.011379795955993397,ether
