Id,Temperature (K),Pressure (kPa),N Components,Component 1,Mole Fraction 1,Reference Density Value (g / ml),Reference Density Uncertainty (g / ml),Estimated Density Value (g / ml),Estimated Density Uncertainty (g / ml),Delta^2,Weight,Denom,Term,d Term / d [#1:1]-[#6X4] epsilon,d Term / d [#1:1]-[#6X4] rmin_half,d Term / d [#6X4:1] epsilon,d Term / d [#6X4:1] rmin_half,d Term / d [#8X2H1+0:1] epsilon,d Term / d [#8X2H1+0:1] rmin_half,d Term / d [#6:1] epsilon,d Term / d [#6:1] rmin_half,d Term / d [#8:1] epsilon,d Term / d [#8:1] rmin_half,d Term / d [#8X2H0+0:1] epsilon,d Term / d [#8X2H0+0:1] rmin_half,Environment 1
6bce57dafd0a4f7db22c97be283f7072,298.15,101.325,1,CCCCCC,1.0,0.6549610000000001,0.0,0.638702517969875,0.0002292990594576675,0.0002643382379239022,0.007874015748031496,0.04821932532357388,0.0008951875029345657,0.4054334143541235,-0.08094492595118714,0.277361004837308,0.032068339982825454,,,,,,,,,alkane
98dfde7944bf44bea8000f1e4d6ea8e4,298.15,101.325,1,CC(C)CC(C)(C)C,1.0,0.6877900000000001,0.0,0.7056462622688711,0.00019823236069910948,0.0003188461022147039,0.007874015748031496,0.04821932532357388,0.0010797796349999464,-0.339322034719263,0.07482418036370347,-0.2402409734690241,-0.027795442984851117,,,,,,,,,alkane
6592c1fb6333488eb660fc3dafe00290,298.15,101.325,1,CC1CCCCC1,1.0,0.7667000000000003,0.0,0.7611852380141497,0.00022197275024382762,3.041259976058227e-05,0.007874015748031496,0.04821932532357388,0.00010299296632695853,0.09653577670565137,-0.023597912999601994,0.08368931134418153,0.010995025096341232,,,,,,,,,alkane
87ff75ca440e4c8c8fe9335cb745f360,298.15,101.325,1,CCCCCCC,1.0,0.6796000000000002,0.0,0.6671793311097126,0.00019237263487194658,0.00015427301568215793,0.007874015748031496,0.04821932532357388,0.0005224491044630981,0.31546822600649826,-0.048689582919560104,0.18861873967469642,0.022751277215127888,,,,,,,,,alkane
7adf507e0d3b42bf93a24110e357fafe,298.15,101.325,1,CCCCCCCCCC,1.0,0.7261500000000002,0.0,0.720826571210335,0.0002131170016831298,2.833889407863614e-05,0.007874015748031496,0.04821932532357388,9.597031449337486e-05,0.0710261487507443,-0.020627829081675323,0.0655042083734805,0.008405325872602754,,,,,,,,,alkane
de7cf3d0de5741e5a35a443a439861e9,298.15,101.325,1,C1CCCCC1,1.0,0.7737800000000001,0.0,0.7561857751366086,0.00022086906015416128,0.00030955674854358617,0.007874015748031496,0.04821932532357388,0.0010483210258254469,0.2823232936480969,-0.08638411315893621,0.26645056614261853,0.022924210337932755,,,,,,,,,alkane
