Id,Temperature (K),Pressure (kPa),N Components,Component 1,Mole Fraction 1,Reference Density Value (g / ml),Reference Density Uncertainty (g / ml),Estimated Density Value (g / ml),Estimated Density Uncertainty (g / ml),Delta^2,Weight,Denom,Term,d Term / d [#1:1]-[#6X4] epsilon,d Term / d [#1:1]-[#6X4] rmin_half,d Term / d [#6X4:1] epsilon,d Term / d [#6X4:1] rmin_half,d Term / d [#8X2H1+0:1] epsilon,d Term / d [#8X2H1+0:1] rmin_half,d Term / d [#6:1] epsilon,d Term / d [#6:1] rmin_half,d Term / d [#8:1] epsilon,d Term / d [#8:1] rmin_half,d Term / d [#8X2H0+0:1] epsilon,d Term / d [#8X2H0+0:1] rmin_half,Environment 1
6bce57dafd0a4f7db22c97be283f7072,298.15,101.325,1,CCCCCC,1.0,0.6549610000000001,0.0,0.6327641001011193,0.0002480956605540534,0.0004927023651209368,0.007874015748031496,0.04821932532357388,0.0016685478551519241,0.7289262989647762,-0.09389870101143837,0.42514023105564364,0.05118745680969909,,,,,,,,,alkane
98dfde7944bf44bea8000f1e4d6ea8e4,298.15,101.325,1,CC(C)CC(C)(C)C,1.0,0.6877900000000001,0.0,0.7037407730741514,0.00019383462341089738,0.00025442716166306916,0.007874015748031496,0.04821932532357388,0.0008616234159564142,-0.4061813003734148,0.06151524506199298,-0.24859730933109103,-0.02625533100932538,,,,,,,,,alkane
6592c1fb6333488eb660fc3dafe00290,298.15,101.325,1,CC1CCCCC1,1.0,0.7667000000000003,0.0,0.7621489315132697,0.00022902850163248473,2.071222437091228e-05,0.007874015748031496,0.04821932532357388,7.014242267951829e-05,0.1086545780102938,-0.01771380022342544,0.07911955586122324,0.009425750483325274,,,,,,,,,alkane
87ff75ca440e4c8c8fe9335cb745f360,298.15,101.325,1,CCCCCCC,1.0,0.6796000000000002,0.0,0.6635735731244377,0.00023615091438131244,0.00025684635839775356,0.007874015748031496,0.04821932532357388,0.0008698160811608066,0.50969049690676,-0.0668420133750546,0.303829757589049,0.036641923388073254,,,,,,,,,alkane
7adf507e0d3b42bf93a24110e357fafe,298.15,101.325,1,CCCCCCCCCC,1.0,0.7261500000000002,0.0,0.720928030322295,0.00024013860516760506,2.726896731487216e-05,0.007874015748031496,0.04821932532357388,9.234698297880045e-05,0.11644381966619147,-0.024594029343297005,0.09489376855293565,0.010872570991037415,,,,,,,,,alkane
de7cf3d0de5741e5a35a443a439861e9,298.15,101.325,1,C1CCCCC1,1.0,0.7737800000000001,0.0,0.7548478080485719,0.00033124254986315873,0.0003584278920857249,0.007874015748031496,0.04821932532357388,0.0012138242738483013,0.5102314742550634,-0.09261071376311397,0.4026677066841726,0.048715950632754364,,,,,,,,,alkane
