Id,Temperature (K),Pressure (kPa),N Components,Component 1,Mole Fraction 1,Reference EnthalpyOfVaporization Value (kJ / mol),Reference EnthalpyOfVaporization Uncertainty (kJ / mol),Estimated EnthalpyOfVaporization Value (kJ / mol),Estimated EnthalpyOfVaporization Uncertainty (kJ / mol),Delta^2,Weight,Denom,Term,d Term / d [#1:1]-[#6X4] epsilon,d Term / d [#1:1]-[#6X4] rmin_half,d Term / d [#6:1] epsilon,d Term / d [#6:1] rmin_half,d Term / d [#6X4:1] epsilon,d Term / d [#6X4:1] rmin_half,d Term / d [#8:1] epsilon,d Term / d [#8:1] rmin_half,d Term / d [#8X2H1+0:1] epsilon,d Term / d [#8X2H1+0:1] rmin_half,d Term / d [#8X2H0+0:1] epsilon,d Term / d [#8X2H0+0:1] rmin_half,Environment 1
44a094a1c4fb45fe88e49b08ac11c15e,298.15,101.325,1,C1CCCCC1,1.0,33.02,0.0,32.31007651510112,0.2882620198058559,0.5039913544109703,0.03571428571428571,25.6831695776047,2.7287755593916284e-05,0.07224782133774069,-0.0022933750315863766,,,0.03122643914170357,0.006092582528430248,,,,,,,alkane
a47bd2a5b343439293299dfb113ab2b6,298.15,101.325,1,CCCCCC,1.0,31.55,0.0,29.73910505448328,0.29800082043972015,3.2793405036980117,0.03571428571428571,25.6831695776047,0.00017755431991234538,0.2064405079032215,-0.004829881050625177,,,0.07384564231746202,0.013436521506425285,,,,,,,alkane
5f2588d518fa4b3ca770debd4539df1c,298.15,101.325,1,CC1CCCCC1,1.0,35.38,0.0,35.978307901455786,0.2787083170937807,0.357972344944423,0.03571428571428571,25.6831695776047,1.9381804415357418e-05,-0.06494964837991982,0.0022990773815976594,,,-0.028103920606568994,-0.005285864731299213,,,,,,,alkane
bdd784a45f7845ffb86c69f7c9491f41,298.15,101.325,1,CCCCCCC,1.0,36.58,0.0,35.279901556030495,0.33098030613346935,1.6902559640119232,0.03571428571428571,25.6831695776047,9.151603739516996e-05,0.17428692907304869,-0.0032764449988601134,,,0.0623674368587449,0.012348537787185003,,,,,,,alkane
cf2c1c4f97df47efa288e70af17dea0e,298.15,101.325,1,CC(C)CC(C)(C)C,1.0,35.13,0.0,37.17412339735231,0.24778161525039183,4.178440463603143,0.03571428571428571,25.6831695776047,0.00022623455965388868,-0.2668990093088168,0.007064020151611058,,,-0.0953740859497636,-0.017030298767446092,,,,,,,alkane
deb81810e4c64cda9c8da9d9664747d2,298.15,101.325,1,CCCCCCCCCC,1.0,51.35,0.0,52.56730813998484,0.394972696394251,1.4818391076733437,0.03571428571428571,25.6831695776047,8.023166081282491e-05,-0.2007630149632234,0.008887844946575869,,,-0.08860560078301474,-0.016770754022960223,,,,,,,alkane
