Id,Temperature (K),Pressure (kPa),N Components,Component 1,Mole Fraction 1,Reference Density Value (g / ml),Reference Density Uncertainty (g / ml),Estimated Density Value (g / ml),Estimated Density Uncertainty (g / ml),Delta^2,Weight,Denom,Term,d Term / d [#1:1]-[#6X4] epsilon,d Term / d [#1:1]-[#6X4] rmin_half,d Term / d [#6X4:1] epsilon,d Term / d [#6X4:1] rmin_half,d Term / d [#8X2H1+0:1] epsilon,d Term / d [#8X2H1+0:1] rmin_half,d Term / d [#6:1] epsilon,d Term / d [#6:1] rmin_half,d Term / d [#8:1] epsilon,d Term / d [#8:1] rmin_half,d Term / d [#8X2H0+0:1] epsilon,d Term / d [#8X2H0+0:1] rmin_half,Environment 1
c9baf2c4d6454369a7a204c872e6f1b0,298.15,101.325,1,C1CCOCC1,1.0,0.8788100000000002,0.0,0.887142516039191,0.0002644324090996798,6.943082354337243e-05,0.007874015748031496,0.04821932532357388,0.0002351290756972316,-0.08538162093211121,0.02184931549288053,-0.12340652248750847,-0.008374414056169026,,,,,,,-0.012482722202492117,0.0015357901596234037,ether
efcc795e1d64433d8e9a6c1c9c5a299f,298.15,101.325,1,CCCCOCCCC,1.0,0.7640700000000002,0.0,0.7665359153190612,0.0002008890375873558,6.0807383607793655e-06,0.007874015748031496,0.04821932532357388,2.059255986548399e-05,-0.031976749397716525,0.009025364137058017,-0.03684698747328071,-0.0039530089960969905,,,,,,,-0.00227943018987715,-0.00032681729039416935,ether
34ae4b32490945aa8994d7ced26dbf30,298.15,101.325,1,COC(C)(C)C,1.0,0.7352700000000002,0.0,0.7474453828521926,0.0002601780446461193,0.00014823994759746172,0.007874015748031496,0.04821932532357388,0.0005020179810804561,-0.25296232618701675,0.03997148542812335,-0.18231780369118444,-0.010659443842724254,,,,,,,-0.018456218665231627,-0.0007281233469922043,ether
2c5bfd43a3594e59924cefca8964d47d,298.15,101.325,1,CC(C)OC(C)C,1.0,0.7184600000000002,0.0,0.7346706094945087,0.00019906047256415573,0.0002627838601834484,0.007874015748031496,0.04821932532357388,0.0008899235670809322,-0.3529052906658428,0.05201429829962848,-0.22999989817517388,-0.024030413892096557,,,,,,,-0.01799012359524599,-0.0035284419622216563,ether
a586bf1dde484f718e6a2147ec6819ce,298.15,101.325,1,C1COCCO1,1.0,1.02787,0.0,1.0701628105232377,0.0002887529378530684,0.00178868182195448,0.007874015748031496,0.04821932532357388,0.006057411997279168,,,-0.4073601010266195,0.054339788664321785,,,,,,,-0.11135222445115485,0.040185300960971004,ether
