Id,Temperature (K),Pressure (kPa),N Components,Component 1,Mole Fraction 1,Reference EnthalpyOfVaporization Value (kJ / mol),Reference EnthalpyOfVaporization Uncertainty (kJ / mol),Estimated EnthalpyOfVaporization Value (kJ / mol),Estimated EnthalpyOfVaporization Uncertainty (kJ / mol),Delta^2,Weight,Denom,Term,d Term / d [#1:1]-[#6X4] epsilon,d Term / d [#1:1]-[#6X4] rmin_half,d Term / d [#6:1] epsilon,d Term / d [#6:1] rmin_half,d Term / d [#6X4:1] epsilon,d Term / d [#6X4:1] rmin_half,d Term / d [#8:1] epsilon,d Term / d [#8:1] rmin_half,d Term / d [#8X2H1+0:1] epsilon,d Term / d [#8X2H1+0:1] rmin_half,d Term / d [#8X2H0+0:1] epsilon,d Term / d [#8X2H0+0:1] rmin_half,Environment 1
055bb046803c41e199b4713916d63357,298.15,101.325,1,C1COCCO1,1.0,38.64,0.0,48.884077329485045,0.16889530064565378,104.94112033246944,0.03571428571428571,25.6831695776047,0.005681858663490306,,,,,-0.3355957887693633,-0.047007128830095064,,,,,-0.09132976203980434,-0.015740773952902288,ether
b1f47515d3614067b49215bb7022e4ed,298.15,101.325,1,C1CCOCC1,1.0,34.94,0.0,38.29102730953533,0.2506804329062055,11.22938402925161,0.03571428571428571,25.6831695776047,0.0006079959193319346,-0.17488287109423023,0.006890678442255474,,,-0.12653109651118463,-0.021083296921287756,,,,,-0.014125343153718115,-0.002622910303172008,ether
29bbe7dd6eca44b48906aaf9b4eb4235,298.15,101.325,1,COC(C)(C)C,1.0,32.42,0.0,31.902848893608347,0.18129462283044373,0.2674452668421126,0.03571428571428571,25.6831695776047,1.4480369578693782e-05,0.03833531226598255,-0.0009314797566148804,,,0.016524108249710963,0.0025267282656448033,,,,,0.0018416047701835753,0.0004969380972111301,ether
16da8f9ca25f46a5adb5d65fe9238ed2,298.15,101.325,1,CC(C)OC(C)C,1.0,32.12,0.0,34.75626507588134,0.2919353698151807,6.949893550311648,0.03571428571428571,25.6831695776047,0.00037629017828348557,-0.2990233796215939,0.005258550227946555,,,-0.10847495159942099,-0.019482355383644998,,,,,-0.008851875612301588,-0.0030049314036293628,ether
bb09c2d9541843a8bb9b84ccf9fd4d26,298.15,101.325,1,CCCCOCCCC,1.0,44.99,0.0,49.07172164459916,0.38341405843798243,16.66045158398924,0.03571428571428571,25.6831695776047,0.0009020518445986223,-0.50558470076307,0.017210727379616177,,,-0.24434569259763142,-0.04166510190252603,,,,,-0.014503249127347892,-0.001971115974095996,ether
