Id,Temperature (K),Pressure (kPa),N Components,Component 1,Mole Fraction 1,Reference EnthalpyOfVaporization Value (kJ / mol),Reference EnthalpyOfVaporization Uncertainty (kJ / mol),Estimated EnthalpyOfVaporization Value (kJ / mol),Estimated EnthalpyOfVaporization Uncertainty (kJ / mol),Delta^2,Weight,Denom,Term,d Term / d [#1:1]-[#6X4] epsilon,d Term / d [#1:1]-[#6X4] rmin_half,d Term / d [#6:1] epsilon,d Term / d [#6:1] rmin_half,d Term / d [#6X4:1] epsilon,d Term / d [#6X4:1] rmin_half,d Term / d [#8:1] epsilon,d Term / d [#8:1] rmin_half,d Term / d [#8X2H1+0:1] epsilon,d Term / d [#8X2H1+0:1] rmin_half,d Term / d [#8X2H0+0:1] epsilon,d Term / d [#8X2H0+0:1] rmin_half,Environment 1
6b2d2f277d7b470da67f79b461d1a009,298.16,101.325,1,O=C1CCCC1,1.0,42.63,0.0,42.01096258823751,0.16874131461463768,0.38320731716160417,0.03571428571428571,25.6831695776047,2.0748109111370508e-05,0.04468429440032442,-0.0016433266337810564,0.004788582910741857,0.0005795772187897993,0.018881395501763473,0.003096171428275843,0.0025247791404642995,-8.49055398909454e-05,,,,,ketone
e8e70fcf04ee463a9671f8e8beb0cdba,298.15,101.325,1,CCCC(C)=O,1.0,38.43,0.0,38.50802357032817,0.2266282864542605,0.006087677526754956,0.03571428571428571,25.6831695776047,3.2960695660903603e-07,-0.006325340858414545,0.00027903465719612364,-0.0005877634374307608,-8.233249338089897e-05,-0.002230495820522723,-0.0002942068063804801,-0.0002504972687182897,8.208505503910462e-05,,,,,ketone
ccb77d44c1e74368bbfd37152c26ea21,298.16,101.325,1,O=C1CCCCC1,1.0,44.89,0.0,46.59289131107583,0.28812162264401814,2.899838817337563,0.03571428571428571,25.6831695776047,0.00015700684588476795,-0.14554348485545401,0.004236971926848184,-0.01233918679856865,-0.0019408882295325763,-0.05819761705494758,-0.010472529964635038,-0.006586669181118857,-0.0003770910354267649,,,,,ketone
306e2ef66008434a91f82d02cf6e6983,298.16,101.325,1,O=C1CCCCCC1,1.0,49.54,0.0,51.31604294110473,0.3282701694708713,3.154328528647954,0.03571428571428571,25.6831695776047,0.00017078575892092598,-0.19190694489622082,0.004631794425196072,-0.01358555594869574,-0.00234276077922629,-0.07487164121817531,-0.014302812862375957,-0.006706424130284309,0.0005072311282925497,,,,,ketone
