Id,Temperature (K),Pressure (kPa),N Components,Component 1,Mole Fraction 1,Reference EnthalpyOfVaporization Value (kJ / mol),Reference EnthalpyOfVaporization Uncertainty (kJ / mol),Estimated EnthalpyOfVaporization Value (kJ / mol),Estimated EnthalpyOfVaporization Uncertainty (kJ / mol),Delta^2,Weight,Denom,Term,d Term / d [#1:1]-[#6X4] epsilon,d Term / d [#1:1]-[#6X4] rmin_half,d Term / d [#6:1] epsilon,d Term / d [#6:1] rmin_half,d Term / d [#6X4:1] epsilon,d Term / d [#6X4:1] rmin_half,d Term / d [#8:1] epsilon,d Term / d [#8:1] rmin_half,d Term / d [#8X2H1+0:1] epsilon,d Term / d [#8X2H1+0:1] rmin_half,d Term / d [#8X2H0+0:1] epsilon,d Term / d [#8X2H0+0:1] rmin_half,Environment 1
055bb046803c41e199b4713916d63357,298.15,101.325,1,C1COCCO1,1.0,38.64,0.0,50.62876749347591,0.174557090003698,143.7305460126247,0.03571428571428571,25.6831695776047,0.007782046212988112,,,,,-0.38751716651753276,-0.0449422749533676,,,,,-0.10876550780096389,-0.017010322928759855,ether
b1f47515d3614067b49215bb7022e4ed,298.15,101.325,1,C1CCOCC1,1.0,34.94,0.0,39.89637653594894,0.24429657852205958,24.56566836610522,0.03571428571428571,25.6831695776047,0.0013300663761562513,-0.2641872551216085,0.009611008343023432,,,-0.188318378974577,-0.030887239077922433,,,,,-0.021494052851256298,-0.004973343279172696,ether
29bbe7dd6eca44b48906aaf9b4eb4235,298.15,101.325,1,COC(C)(C)C,1.0,32.42,0.0,32.81462973689334,0.2062982399500726,0.15573262924050343,0.03571428571428571,25.6831695776047,8.431878617599433e-06,-0.032300487578773164,0.0005415394889724893,,,-0.012994115481440261,-0.002005880065358657,,,,,-0.0013748109642693622,-0.0003027278375757024,ether
16da8f9ca25f46a5adb5d65fe9238ed2,298.15,101.325,1,CC(C)OC(C)C,1.0,32.12,0.0,36.11548846981892,0.21152958145578088,15.96392811245596,0.03571428571428571,25.6831695776047,0.0008643397646387591,-0.4383316343113534,0.007098994847815675,,,-0.15653750352916568,-0.02735184998188066,,,,,-0.012838977699103832,-0.004555493000528221,ether
bb09c2d9541843a8bb9b84ccf9fd4d26,298.15,101.325,1,CCCCOCCCC,1.0,44.99,0.0,50.9809566175725,0.26420770556741696,35.89156119363574,0.03571428571428571,25.6831695776047,0.0019432876004007575,-0.8018941883545666,0.019560336067088003,,,-0.37891032772825517,-0.07035150993522081,,,,,-0.02769265012229062,-0.010498134533673457,ether
