Id,Temperature (K),Pressure (kPa),N Components,Component 1,Mole Fraction 1,Reference EnthalpyOfVaporization Value (kJ / mol),Reference EnthalpyOfVaporization Uncertainty (kJ / mol),Estimated EnthalpyOfVaporization Value (kJ / mol),Estimated EnthalpyOfVaporization Uncertainty (kJ / mol),Delta^2,Weight,Denom,Term,d Term / d [#1:1]-[#6X4] epsilon,d Term / d [#1:1]-[#6X4] rmin_half,d Term / d [#6:1] epsilon,d Term / d [#6:1] rmin_half,d Term / d [#6X4:1] epsilon,d Term / d [#6X4:1] rmin_half,d Term / d [#8:1] epsilon,d Term / d [#8:1] rmin_half,d Term / d [#8X2H1+0:1] epsilon,d Term / d [#8X2H1+0:1] rmin_half,d Term / d [#8X2H0+0:1] epsilon,d Term / d [#8X2H0+0:1] rmin_half,Environment 1
055bb046803c41e199b4713916d63357,298.15,101.325,1,C1COCCO1,1.0,38.64,0.0,48.71788912540466,0.2440771007528621,101.5638492239495,0.03571428571428571,25.6831695776047,0.005499002057365792,,,,,-0.3464601855147265,-0.05284752797857684,,,,,-0.0908749369020228,-0.013380109184594523,ether
b1f47515d3614067b49215bb7022e4ed,298.15,101.325,1,C1CCOCC1,1.0,34.94,0.0,38.6408500287203,0.25082309272837905,13.696290935079071,0.03571428571428571,25.6831695776047,0.0007415624024273413,-0.19587701829942916,0.006943752412260353,,,-0.14102100729508352,-0.02492237713871795,,,,,-0.015420817903108106,-0.0028372314569174036,ether
29bbe7dd6eca44b48906aaf9b4eb4235,298.15,101.325,1,COC(C)(C)C,1.0,32.42,0.0,32.05936111889795,0.18350020828005031,0.13006040256254225,0.03571428571428571,25.6831695776047,7.041899521710852e-06,0.02441027907931879,-0.0010084173946782393,,,0.011784760239420447,0.00174820354700446,,,,,0.0012777722539996867,0.00035581701750565163,ether
16da8f9ca25f46a5adb5d65fe9238ed2,298.15,101.325,1,CC(C)OC(C)C,1.0,32.12,0.0,35.21098779141398,0.33558530105433515,9.554205526670273,0.03571428571428571,25.6831695776047,0.000517296225469037,-0.3550868505166834,0.0061374473317654474,,,-0.12952606346934858,-0.023454132558499576,,,,,-0.010895265363861375,-0.004208671786619787,ether
bb09c2d9541843a8bb9b84ccf9fd4d26,298.15,101.325,1,CCCCOCCCC,1.0,44.99,0.0,49.60537896575822,0.3547385626921312,21.3017229975634,0.03571428571428571,25.6831695776047,0.0011533455996803174,-0.4876636464979582,0.014559167284228298,,,-0.23851542860159353,-0.0452530003103112,,,,,-0.016752165124490806,-0.006113067652728111,ether
