Id,Temperature (K),Pressure (kPa),N Components,Component 1,Mole Fraction 1,Reference Density Value (g / ml),Reference Density Uncertainty (g / ml),Estimated Density Value (g / ml),Estimated Density Uncertainty (g / ml),Delta^2,Weight,Denom,Term,d Term / d [#1:1]-[#6X4] epsilon,d Term / d [#1:1]-[#6X4] rmin_half,d Term / d [#6X4:1] epsilon,d Term / d [#6X4:1] rmin_half,d Term / d [#8X2H1+0:1] epsilon,d Term / d [#8X2H1+0:1] rmin_half,d Term / d [#6:1] epsilon,d Term / d [#6:1] rmin_half,d Term / d [#8:1] epsilon,d Term / d [#8:1] rmin_half,d Term / d [#8X2H0+0:1] epsilon,d Term / d [#8X2H0+0:1] rmin_half,Environment 1
0b24264e4f7041f1b0599746a6bcbe94,298.15,101.325,1,O=C1CCCCCC1,1.0,0.9476200000000002,0.0,0.9199813474874197,0.0002268828453558879,0.0007638951127111766,0.007874015748031496,0.04821932532357388,0.0025869483122176887,0.13675851202651076,-0.11307244500781721,0.29381085412807906,0.01580927183865624,,,0.057954121928760795,0.008133199779811504,0.018535737901142508,-0.0202829533419138,,,ketone
a5717fa9521e409f9a64b296b86f1259,298.15,101.325,1,O=C1CCCCC1,1.0,0.9430000000000002,0.0,0.9122634877622632,0.00031827502166593,0.0009447331845405558,0.007874015748031496,0.04821932532357388,0.0031993605883525057,0.25444916927831246,-0.1410210867964693,0.388278055993413,0.022268581543707727,,,0.08181523474649248,0.007383929707865169,0.03116934382199198,-0.028732792045177834,,,ketone
7bd17fead51341e48da1d3a641e5f6c2,298.15,101.325,1,CCCC(C)=O,1.0,0.8019900000000002,0.0,0.7709450843036174,0.0002238560950712164,0.0009637867905955146,0.007874015748031496,0.04821932532357388,0.003263886062079647,0.3598700383258484,-0.12626998648014895,0.31509025605553465,0.007569308988401336,,,0.0852587584950944,0.009945669529230178,0.027715391739112222,-0.02558240083192135,,,ketone
11a3bedec99f4bdeb7a86cb925bace53,298.15,101.325,1,O=C1CCCC1,1.0,0.9453,0.0,0.9064753963697945,0.00025690712290878315,0.0015073498470425713,0.007874015748031496,0.04821932532357388,0.005104674814437151,0.22850549984641721,-0.16281068231367982,0.43466874762209967,0.015403835910914793,,,0.11536068497118403,0.007174285842646476,0.03903408124770947,-0.04893535191878716,,,ketone
