Id,Temperature (K),Pressure (kPa),N Components,Component 1,Mole Fraction 1,Reference Density Value (g / ml),Reference Density Uncertainty (g / ml),Estimated Density Value (g / ml),Estimated Density Uncertainty (g / ml),Delta^2,Weight,Denom,Term,d Term / d [#1:1]-[#6X4] epsilon,d Term / d [#1:1]-[#6X4] rmin_half,d Term / d [#6X4:1] epsilon,d Term / d [#6X4:1] rmin_half,d Term / d [#8X2H1+0:1] epsilon,d Term / d [#8X2H1+0:1] rmin_half,d Term / d [#6:1] epsilon,d Term / d [#6:1] rmin_half,d Term / d [#8:1] epsilon,d Term / d [#8:1] rmin_half,d Term / d [#8X2H0+0:1] epsilon,d Term / d [#8X2H0+0:1] rmin_half,Environment 1
c9baf2c4d6454369a7a204c872e6f1b0,298.15,101.325,1,C1CCOCC1,1.0,0.8788100000000002,0.0,0.8876836555762521,0.0002233745366982771,7.874176328594573e-05,0.03571428571428571,0.04821932532357388,0.0012094971392105278,-0.28473227495531517,0.11192921565790429,-0.5562626397305791,-0.007958387603936651,,,,,,,-0.0641629357094344,0.006458924159625,ether
efcc795e1d64433d8e9a6c1c9c5a299f,298.15,101.325,1,CCCCOCCCC,1.0,0.7640700000000002,0.0,0.7683741024509756,0.00019226414645713365,1.852529790849197e-05,0.03571428571428571,0.04821932532357388,0.0002845541411357118,-0.24549962585673396,0.07397540293887614,-0.3055838253688786,-0.02929850001906522,,,,,,,-0.020120060095394122,-0.0018982823641484111,ether
34ae4b32490945aa8994d7ced26dbf30,298.15,101.325,1,COC(C)(C)C,1.0,0.7352700000000002,0.0,0.7472644999690107,0.0002690940699774386,0.00014386802950659228,0.03571428571428571,0.04821932532357388,0.0022098561532103394,-0.8978107676564695,0.1923592976840686,-0.8146011856645754,-0.040052421378892866,,,,,,,-0.08641366693922685,0.0011215350588324282,ether
2c5bfd43a3594e59924cefca8964d47d,298.15,101.325,1,CC(C)OC(C)C,1.0,0.7184600000000002,0.0,0.7362674068792857,0.00024301611458365136,0.0003171037397644247,0.03571428571428571,0.04821932532357388,0.004870808705226023,-1.8274877351450436,0.32676843000570344,-1.3237129590016228,-0.10025136803645693,,,,,,,-0.11160741396540887,-0.015905314773408067,ether
a586bf1dde484f718e6a2147ec6819ce,298.15,101.325,1,C1COCCO1,1.0,1.02787,0.0,1.0599343752854933,0.000353977857660802,0.0010281241624489482,0.03571428571428571,0.04821932532357388,0.015792295998242802,,,-1.7137844653599366,0.10736147953151251,,,,,,,-0.4134437372358385,0.2210845397294745,ether
