Id,Temperature (K),Pressure (kPa),N Components,Component 1,Mole Fraction 1,Reference Density Value (g / ml),Reference Density Uncertainty (g / ml),Estimated Density Value (g / ml),Estimated Density Uncertainty (g / ml),Delta^2,Weight,Denom,Term,d Term / d [#1:1]-[#6X4] epsilon,d Term / d [#1:1]-[#6X4] rmin_half,d Term / d [#6X4:1] epsilon,d Term / d [#6X4:1] rmin_half,d Term / d [#8X2H1+0:1] epsilon,d Term / d [#8X2H1+0:1] rmin_half,d Term / d [#6:1] epsilon,d Term / d [#6:1] rmin_half,d Term / d [#8:1] epsilon,d Term / d [#8:1] rmin_half,d Term / d [#8X2H0+0:1] epsilon,d Term / d [#8X2H0+0:1] rmin_half,Environment 1
c9baf2c4d6454369a7a204c872e6f1b0,298.15,101.325,1,C1CCOCC1,1.0,0.8788100000000002,0.0,0.9027202557404206,0.00031673148200102574,0.0005717003295723059,0.007874015748031496,0.04821932532357388,0.0019360762728698822,-0.16965853349318794,0.07537089420617156,-0.31677083051062355,-0.03148617853424568,,,,,,,-0.03490665298098409,-0.0027969246457699255,ether
efcc795e1d64433d8e9a6c1c9c5a299f,298.15,101.325,1,CCCCOCCCC,1.0,0.7640700000000002,0.0,0.7784444262614173,0.0001868013425753577,0.00020662413034491615,0.007874015748031496,0.04821932532357388,0.000699737354467575,-0.22444017748939907,0.04813688727228349,-0.18932200884396821,-0.02565856979601243,,,,,,,-0.012351659758690167,-0.00043414049532646714,ether
34ae4b32490945aa8994d7ced26dbf30,298.15,101.325,1,COC(C)(C)C,1.0,0.7352700000000002,0.0,0.7620053094519812,0.0002994002380245807,0.0007147767714931842,0.007874015748031496,0.04821932532357388,0.0024206079235983154,-0.37281305945785403,0.08937504678294597,-0.31277069716250655,-0.02815225825219376,,,,,,,-0.032533288569886076,-0.001545950462350336,ether
2c5bfd43a3594e59924cefca8964d47d,298.15,101.325,1,CC(C)OC(C)C,1.0,0.7184600000000002,0.0,0.7473670904280816,0.00021382774793383998,0.0008356198770172737,0.007874015748031496,0.04821932532357388,0.0028298458708986593,-0.5149383054347113,0.12061962790455284,-0.37609982735918845,-0.038654373411365996,,,,,,,-0.03327173840502395,-0.008170886134422527,ether
a586bf1dde484f718e6a2147ec6819ce,298.15,101.325,1,C1COCCO1,1.0,1.02787,0.0,1.0983918535491728,0.00023700297681822154,0.004973331828010966,0.007874015748031496,0.04821932532357388,0.01684230225391681,,,-0.631340800672862,0.052841128404138966,,,,,,,-0.15996139173206136,0.07964643211021041,ether
