Id,Temperature (K),Pressure (kPa),N Components,Component 1,Mole Fraction 1,Reference Density Value (g / ml),Reference Density Uncertainty (g / ml),Estimated Density Value (g / ml),Estimated Density Uncertainty (g / ml),Delta^2,Weight,Denom,Term,d Term / d [#1:1]-[#6X4] epsilon,d Term / d [#1:1]-[#6X4] rmin_half,d Term / d [#6X4:1] epsilon,d Term / d [#6X4:1] rmin_half,d Term / d [#8X2H1+0:1] epsilon,d Term / d [#8X2H1+0:1] rmin_half,d Term / d [#6:1] epsilon,d Term / d [#6:1] rmin_half,d Term / d [#8:1] epsilon,d Term / d [#8:1] rmin_half,d Term / d [#8X2H0+0:1] epsilon,d Term / d [#8X2H0+0:1] rmin_half,Environment 1
c9baf2c4d6454369a7a204c872e6f1b0,298.15,101.325,1,C1CCOCC1,1.0,0.8788100000000002,0.0,0.8886068580987124,0.0002665392379330321,9.59784286063033e-05,0.03571428571428571,0.04821932532357388,0.0014742574966690556,-0.12767119235813815,0.13576472265499664,-0.661576450404891,-0.018712625065822296,,,,,,,-0.06674399184193475,0.010682909083210389,ether
efcc795e1d64433d8e9a6c1c9c5a299f,298.15,101.325,1,CCCCOCCCC,1.0,0.7640700000000002,0.0,0.7680557062656409,0.00019651018286634089,1.5885854435967167e-05,0.03571428571428571,0.04821932532357388,0.00024401149647161336,-0.19980849948432067,0.06437037635208087,-0.26310584565142986,-0.015526827447451652,,,,,,,-0.020370197284513347,-0.006725444116037023,ether
34ae4b32490945aa8994d7ced26dbf30,298.15,101.325,1,COC(C)(C)C,1.0,0.7352700000000002,0.0,0.7452771699569459,0.00025979664287992997,0.00010014345054719715,0.03571428571428571,0.04821932532357388,0.001538233484912633,-0.6640283503733361,0.17490589654303348,-0.7140841684018525,-0.0240289754994529,,,,,,,-0.0797151744192763,-0.0094430367925826,ether
2c5bfd43a3594e59924cefca8964d47d,298.15,101.325,1,CC(C)OC(C)C,1.0,0.7184600000000002,0.0,0.7338485270015476,0.00021607682955320051,0.00023680676327735213,0.03571428571428571,0.04821932532357388,0.0036374230240381654,-1.517964299542455,0.24171196114604107,-1.0680611740670063,-0.08279960818165574,,,,,,,-0.09139554642395248,-0.023986947040153892,ether
a586bf1dde484f718e6a2147ec6819ce,298.15,101.325,1,C1COCCO1,1.0,1.02787,0.0,1.0626209924481047,0.00023411885547260162,0.001207631476128226,0.03571428571428571,0.04821932532357388,0.01854958226289018,,,-1.6354889463929094,0.22301543772073534,,,,,,,-0.4110219172824789,0.21165754703438935,ether
