Id,Temperature (K),Pressure (kPa),N Components,Component 1,Mole Fraction 1,Reference Density Value (g / ml),Reference Density Uncertainty (g / ml),Estimated Density Value (g / ml),Estimated Density Uncertainty (g / ml),Delta^2,Weight,Denom,Term,d Term / d [#1:1]-[#6X4] epsilon,d Term / d [#1:1]-[#6X4] rmin_half,d Term / d [#6X4:1] epsilon,d Term / d [#6X4:1] rmin_half,d Term / d [#8X2H1+0:1] epsilon,d Term / d [#8X2H1+0:1] rmin_half,d Term / d [#6:1] epsilon,d Term / d [#6:1] rmin_half,d Term / d [#8:1] epsilon,d Term / d [#8:1] rmin_half,d Term / d [#8X2H0+0:1] epsilon,d Term / d [#8X2H0+0:1] rmin_half,Environment 1
6bce57dafd0a4f7db22c97be283f7072,298.15,101.325,1,CCCCCC,1.0,0.6549610000000001,0.0,0.6322442138813362,0.0002404288720228246,0.0005160523715611209,0.03571428571428571,0.04821932532357388,0.007926719456603637,3.397315578833604,-0.4250654385663122,1.930342815478925,0.1392238908841606,,,,,,,,,alkane
98dfde7944bf44bea8000f1e4d6ea8e4,298.15,101.325,1,CC(C)CC(C)(C)C,1.0,0.6877900000000001,0.0,0.7041353653006027,0.00021909051381332125,0.0002671709668101435,0.03571428571428571,0.04821932532357388,0.004103826312137662,-1.9348252147923048,0.250868868951119,-1.156061324130512,-0.12467265262141355,,,,,,,,,alkane
6592c1fb6333488eb660fc3dafe00290,298.15,101.325,1,CC1CCCCC1,1.0,0.7667000000000003,0.0,0.7653242596882599,0.0002140797164250086,1.8926614053474902e-06,0.03571428571428571,0.04821932532357388,2.9071847768369066e-05,0.12330842111593472,-0.02667527857141423,0.11515620559118964,0.011872369936375471,,,,,,,,,alkane
87ff75ca440e4c8c8fe9335cb745f360,298.15,101.325,1,CCCCCCC,1.0,0.6796000000000002,0.0,0.6636961944634009,0.0002195911930369567,0.000252931030545967,0.03571428571428571,0.04821932532357388,0.003885096613241831,1.8897079662770004,-0.2903276751506388,1.2921522021253222,0.1277755795030081,,,,,,,,,alkane
7adf507e0d3b42bf93a24110e357fafe,298.15,101.325,1,CCCCCCCCCC,1.0,0.7261500000000002,0.0,0.7230980375537208,0.0001806432438455619,9.314474773499531e-06,0.03571428571428571,0.04821932532357388,0.00014307313072079887,0.2828811730070075,-0.06279301773629327,0.24184067380857296,0.015917582286373876,,,,,,,,,alkane
de7cf3d0de5741e5a35a443a439861e9,298.15,101.325,1,C1CCCCC1,1.0,0.7737800000000001,0.0,0.7565357302944149,0.0003426004704662062,0.0002973648376789647,0.03571428571428571,0.04821932532357388,0.004567613239348238,1.568663271656837,-0.3558512266070779,1.4775713337875664,0.1170432590566922,,,,,,,,,alkane
