Id,Temperature (K),Pressure (kPa),N Components,Component 1,Mole Fraction 1,Reference Density Value (g / ml),Reference Density Uncertainty (g / ml),Estimated Density Value (g / ml),Estimated Density Uncertainty (g / ml),Delta^2,Weight,Denom,Term,d Term / d [#1:1]-[#6X4] epsilon,d Term / d [#1:1]-[#6X4] rmin_half,d Term / d [#6X4:1] epsilon,d Term / d [#6X4:1] rmin_half,d Term / d [#8X2H1+0:1] epsilon,d Term / d [#8X2H1+0:1] rmin_half,d Term / d [#6:1] epsilon,d Term / d [#6:1] rmin_half,d Term / d [#8:1] epsilon,d Term / d [#8:1] rmin_half,d Term / d [#8X2H0+0:1] epsilon,d Term / d [#8X2H0+0:1] rmin_half,Environment 1
6bce57dafd0a4f7db22c97be283f7072,298.15,101.325,1,CCCCCC,1.0,0.6549610000000001,0.0,0.6215318828331483,0.00027210747621292435,0.001117505874555107,0.03571428571428571,0.04821932532357388,0.01716522594772278,5.216441217694499,-0.5613912228375316,2.819774737852982,0.24313391754367458,,,,,,,,,alkane
98dfde7944bf44bea8000f1e4d6ea8e4,298.15,101.325,1,CC(C)CC(C)(C)C,1.0,0.6877900000000001,0.0,0.6970104747450199,0.0002400840713861433,8.501715452354696e-05,0.03571428571428571,0.04821932532357388,0.0013058890338362888,-0.8890355725937972,0.1823137933521473,-0.7529209526485536,-0.07273765391897054,,,,,,,,,alkane
6592c1fb6333488eb660fc3dafe00290,298.15,101.325,1,CC1CCCCC1,1.0,0.7667000000000003,0.0,0.760138781242373,0.000254581216790387,4.304959158543999e-05,0.03571428571428571,0.04821932532357388,0.00066125465945801,0.42065756726535575,-0.16427845889107032,0.6539195613999298,0.05507750631766047,,,,,,,,,alkane
87ff75ca440e4c8c8fe9335cb745f360,298.15,101.325,1,CCCCCCC,1.0,0.6796000000000002,0.0,0.6554577212256353,0.00025714753462806154,0.000582849624419151,0.03571428571428571,0.04821932532357388,0.00895274532734166,2.715876976201864,-0.4937147172472808,2.1743810250069155,0.22338930367424745,,,,,,,,,alkane
7adf507e0d3b42bf93a24110e357fafe,298.15,101.325,1,CCCCCCCCCC,1.0,0.7261500000000002,0.0,0.7173357943124544,0.00020577913496667576,7.769022190236406e-05,0.03571428571428571,0.04821932532357388,0.001193345147660822,0.8635810967362066,-0.1687600754889692,0.7199234934763433,0.05741515210342479,,,,,,,,,alkane
de7cf3d0de5741e5a35a443a439861e9,298.15,101.325,1,C1CCCCC1,1.0,0.7737800000000001,0.0,0.7509719627074601,0.0002649334934060919,0.0005202065651378952,0.03571428571428571,0.04821932532357388,0.007990529117921344,1.9078732885329521,-0.5567485221392264,2.3825228620991656,0.2243845212578684,,,,,,,,,alkane
