Id,Temperature (K),Pressure (kPa),N Components,Component 1,Mole Fraction 1,Reference EnthalpyOfVaporization Value (kJ / mol),Reference EnthalpyOfVaporization Uncertainty (kJ / mol),Estimated EnthalpyOfVaporization Value (kJ / mol),Estimated EnthalpyOfVaporization Uncertainty (kJ / mol),Delta^2,Weight,Denom,Term,d Term / d [#1:1]-[#6X4] epsilon,d Term / d [#1:1]-[#6X4] rmin_half,d Term / d [#6:1] epsilon,d Term / d [#6:1] rmin_half,d Term / d [#6X4:1] epsilon,d Term / d [#6X4:1] rmin_half,d Term / d [#8:1] epsilon,d Term / d [#8:1] rmin_half,d Term / d [#8X2H1+0:1] epsilon,d Term / d [#8X2H1+0:1] rmin_half,d Term / d [#8X2H0+0:1] epsilon,d Term / d [#8X2H0+0:1] rmin_half,Environment 1
44a094a1c4fb45fe88e49b08ac11c15e,298.15,101.325,1,C1CCCCC1,1.0,33.02,0.0,29.678074572386944,0.24708362404145445,11.16846556372673,0.03571428571428571,25.6831695776047,0.0006046975925176936,0.37183852615993607,-0.010521926328274879,,,0.14337390637080155,0.025812710371706977,,,,,,,alkane
a47bd2a5b343439293299dfb113ab2b6,298.15,101.325,1,CCCCCC,1.0,31.55,0.0,26.76107411359762,0.21381462753953256,22.933811145454836,0.03571428571428571,25.6831695776047,0.0012417122394998428,0.5113448281421692,-0.014943905777986755,,,0.178497736314945,0.03138141015348626,,,,,,,alkane
5f2588d518fa4b3ca770debd4539df1c,298.15,101.325,1,CC1CCCCC1,1.0,35.38,0.0,34.145300331579996,0.32097771804030834,1.5244832711964738,0.03571428571428571,25.6831695776047,8.254055659355946e-05,0.14653551544818735,-0.004996380183461869,,,0.059185097123552334,0.010519447140832892,,,,,,,alkane
bdd784a45f7845ffb86c69f7c9491f41,298.15,101.325,1,CCCCCCC,1.0,36.58,0.0,31.771929327291677,0.3021338374472983,23.117543593757855,0.03571428571428571,25.6831695776047,0.0012516601207483698,0.6201934568978428,-0.020771560780612677,,,0.22618851936807063,0.03809735123780137,,,,,,,alkane
cf2c1c4f97df47efa288e70af17dea0e,298.15,101.325,1,CC(C)CC(C)(C)C,1.0,35.13,0.0,33.2497764941299,0.33502652297817664,3.535240432026472,0.03571428571428571,25.6831695776047,0.0001914095867529619,0.28284680625089154,-0.004060537138022128,,,0.08410119502943775,0.016029195247611348,,,,,,,alkane
deb81810e4c64cda9c8da9d9664747d2,298.15,101.325,1,CCCCCCCCCC,1.0,51.35,0.0,49.13005684810019,0.41245207921411026,4.928147597666874,0.03571428571428571,25.6831695776047,0.00026682617866143337,0.44563441919985575,-0.009086123156977143,,,0.1503707214663242,0.028426625166424954,,,,,,,alkane
