Id,Temperature (K),Pressure (kPa),N Components,Component 1,Mole Fraction 1,Reference Density Value (g / ml),Reference Density Uncertainty (g / ml),Estimated Density Value (g / ml),Estimated Density Uncertainty (g / ml),Delta^2,Weight,Denom,Term,d Term / d [#1:1]-[#6X4] epsilon,d Term / d [#1:1]-[#6X4] rmin_half,d Term / d [#6X4:1] epsilon,d Term / d [#6X4:1] rmin_half,d Term / d [#8X2H1+0:1] epsilon,d Term / d [#8X2H1+0:1] rmin_half,d Term / d [#6:1] epsilon,d Term / d [#6:1] rmin_half,d Term / d [#8:1] epsilon,d Term / d [#8:1] rmin_half,d Term / d [#8X2H0+0:1] epsilon,d Term / d [#8X2H0+0:1] rmin_half,Environment 1
0b24264e4f7041f1b0599746a6bcbe94,298.15,101.325,1,O=C1CCCCCC1,1.0,0.9476200000000002,0.0,0.9231845187925181,0.0001721155941586354,0.0005970927418412148,0.007874015748031496,0.04821932532357388,0.0020220682591637206,0.13893979022811234,-0.10441243803186545,0.2873511109768358,0.017219896834855013,,,0.05532670985177915,0.008146254978220692,0.020226995312064507,-0.016310110471166612,,,ketone
a5717fa9521e409f9a64b296b86f1259,298.15,101.325,1,O=C1CCCCC1,1.0,0.9430000000000002,0.0,0.9147939629724819,0.0002799873938492356,0.0007955805247977293,0.007874015748031496,0.04821932532357388,0.002694251686666979,0.1379363763475629,-0.11992971297484817,0.34455775590964643,0.03074321739747725,,,0.07138869042450015,0.007971269660918023,0.024844627168435336,-0.02534536792561586,,,ketone
7bd17fead51341e48da1d3a641e5f6c2,298.15,101.325,1,CCCC(C)=O,1.0,0.8019900000000002,0.0,0.7712417039317578,0.0002507182890180708,0.0009454577111002888,0.007874015748031496,0.04821932532357388,0.003201814214157502,0.47794164300440634,-0.1135472119893638,0.32844892112379337,0.009724467814236085,,,0.08421438341128383,0.0060508625809909565,0.03343062678617209,-0.02301084899774011,,,ketone
11a3bedec99f4bdeb7a86cb925bace53,298.15,101.325,1,O=C1CCCC1,1.0,0.9453,0.0,0.9082498817996919,0.00023552841423839265,0.0013727112586568032,0.007874015748031496,0.04821932532357388,0.004648718148151178,0.2803358444107281,-0.15453342105183324,0.4505006819248773,0.020348394924221355,,,0.1200617013194482,0.008234163206564686,0.04562450463532846,-0.039717072368226886,,,ketone
