Id,Temperature (K),Pressure (kPa),N Components,Component 1,Mole Fraction 1,Reference Density Value (g / ml),Reference Density Uncertainty (g / ml),Estimated Density Value (g / ml),Estimated Density Uncertainty (g / ml),Delta^2,Weight,Denom,Term,d Term / d [#1:1]-[#6X4] epsilon,d Term / d [#1:1]-[#6X4] rmin_half,d Term / d [#6X4:1] epsilon,d Term / d [#6X4:1] rmin_half,d Term / d [#8X2H1+0:1] epsilon,d Term / d [#8X2H1+0:1] rmin_half,d Term / d [#6:1] epsilon,d Term / d [#6:1] rmin_half,d Term / d [#8:1] epsilon,d Term / d [#8:1] rmin_half,d Term / d [#8X2H0+0:1] epsilon,d Term / d [#8X2H0+0:1] rmin_half,Environment 1
c9baf2c4d6454369a7a204c872e6f1b0,298.15,101.325,1,C1CCOCC1,1.0,0.8788100000000002,0.0,0.8904947746209289,0.00022043346571845552,0.0001365339579418983,0.03571428571428571,0.04821932532357388,0.002097202610717903,-0.3094492560017897,0.13616972567848604,-0.7456897448079759,-0.014340501320324441,,,,,,,-0.06804075335094746,0.019721449645911705,ether
efcc795e1d64433d8e9a6c1c9c5a299f,298.15,101.325,1,CCCCOCCCC,1.0,0.7640700000000002,0.0,0.7691195209966895,0.00019441902293959213,2.5497662296005144e-05,0.03571428571428571,0.04821932532357388,0.0003916517527247036,-0.14630283581525644,0.09544298937533569,-0.35989475392586057,-0.013675684319424283,,,,,,,-0.022584324972732855,-0.0018813169265330426,ether
34ae4b32490945aa8994d7ced26dbf30,298.15,101.325,1,COC(C)(C)C,1.0,0.7352700000000002,0.0,0.7449541385760767,0.00023291113967772686,9.378253996065353e-05,0.03571428571428571,0.04821932532357388,0.0014405279873958958,-0.7281227968558245,0.13481786649646965,-0.6750596894725553,-0.04935852550795192,,,,,,,-0.06654072840663237,-0.00455117362865729,ether
2c5bfd43a3594e59924cefca8964d47d,298.15,101.325,1,CC(C)OC(C)C,1.0,0.7184600000000002,0.0,0.7338900619281512,0.0002683746937077658,0.00023808681110657482,0.03571428571428571,0.04821932532357388,0.0036570849432394814,-1.2638579101374885,0.27164845407235905,-1.0889453027840061,-0.05831082050152852,,,,,,,-0.09530917018019293,-0.026818297774208837,ether
a586bf1dde484f718e6a2147ec6819ce,298.15,101.325,1,C1COCCO1,1.0,1.02787,0.0,1.0624758363389397,0.00024621177904485546,0.0011975639087174763,0.03571428571428571,0.04821932532357388,0.018394941403021545,,,-1.5728449379723914,0.2785330891048022,,,,,,,-0.39425326250423737,0.21890640299773176,ether
