Id,Temperature (K),Pressure (kPa),N Components,Component 1,Mole Fraction 1,Reference EnthalpyOfVaporization Value (kJ / mol),Reference EnthalpyOfVaporization Uncertainty (kJ / mol),Estimated EnthalpyOfVaporization Value (kJ / mol),Estimated EnthalpyOfVaporization Uncertainty (kJ / mol),Delta^2,Weight,Denom,Term,d Term / d [#1:1]-[#6X4] epsilon,d Term / d [#1:1]-[#6X4] rmin_half,d Term / d [#6:1] epsilon,d Term / d [#6:1] rmin_half,d Term / d [#6X4:1] epsilon,d Term / d [#6X4:1] rmin_half,d Term / d [#8:1] epsilon,d Term / d [#8:1] rmin_half,d Term / d [#8X2H1+0:1] epsilon,d Term / d [#8X2H1+0:1] rmin_half,d Term / d [#8X2H0+0:1] epsilon,d Term / d [#8X2H0+0:1] rmin_half,Environment 1
055bb046803c41e199b4713916d63357,298.15,101.325,1,C1COCCO1,1.0,38.64,0.0,50.25308103770812,0.16158888003391725,134.8636511883759,0.03571428571428571,25.6831695776047,0.007301963257748048,,,,,-0.41260015388325916,-0.04546221827977015,,,,,-0.10648171047517163,-0.009876950539471265,ether
b1f47515d3614067b49215bb7022e4ed,298.15,101.325,1,C1CCOCC1,1.0,34.94,0.0,39.778769647683966,0.24293391138681708,23.41369170334763,0.03571428571428571,25.6831695776047,0.0012676945569809733,-0.30583272284965785,0.00800783941189233,,,-0.19233543883844015,-0.029525696383988907,,,,,-0.019640687827184197,-0.0018144367543780477,ether
29bbe7dd6eca44b48906aaf9b4eb4235,298.15,101.325,1,COC(C)(C)C,1.0,32.42,0.0,32.22200118114684,0.27956079164853925,0.039203532267248424,0.03571428571428571,25.6831695776047,2.122608647081189e-06,0.016763419223938678,-0.00023421934366020509,,,0.006544096042292747,0.0011017760486926494,,,,,0.0006502215897983652,0.0001337022507454546,ether
16da8f9ca25f46a5adb5d65fe9238ed2,298.15,101.325,1,CC(C)OC(C)C,1.0,32.12,0.0,35.64603575356872,0.3015654763549064,12.432928135444936,0.03571428571428571,25.6831695776047,0.0006731597701179969,-0.39885583787663137,0.008781950120570682,,,-0.13949474956703561,-0.02034463285513353,,,,,-0.012036475116861211,-0.004705768078899558,ether
bb09c2d9541843a8bb9b84ccf9fd4d26,298.15,101.325,1,CCCCOCCCC,1.0,44.99,0.0,50.66293139262474,0.34983330011803027,32.18215058542727,0.03571428571428571,25.6831695776047,0.001742447865376784,-0.7765838491561252,0.015016396644074713,,,-0.32789436442683545,-0.05508355324515117,,,,,-0.02399063426389519,-0.009805724026742187,ether
