Id,Temperature (K),Pressure (kPa),N Components,Component 1,Mole Fraction 1,Reference Density Value (g / ml),Reference Density Uncertainty (g / ml),Estimated Density Value (g / ml),Estimated Density Uncertainty (g / ml),Delta^2,Weight,Denom,Term,d Term / d [#1:1]-[#6X4] epsilon,d Term / d [#1:1]-[#6X4] rmin_half,d Term / d [#6X4:1] epsilon,d Term / d [#6X4:1] rmin_half,d Term / d [#8X2H1+0:1] epsilon,d Term / d [#8X2H1+0:1] rmin_half,d Term / d [#6:1] epsilon,d Term / d [#6:1] rmin_half,d Term / d [#8:1] epsilon,d Term / d [#8:1] rmin_half,d Term / d [#8X2H0+0:1] epsilon,d Term / d [#8X2H0+0:1] rmin_half,Environment 1
0b24264e4f7041f1b0599746a6bcbe94,298.15,101.325,1,O=C1CCCCCC1,1.0,0.9476200000000002,0.0,0.9373434330601975,0.00025447264799171817,0.00010560782806824629,0.007874015748031496,0.04821932532357388,0.00035764333091292005,0.057259008773165955,-0.050382132363806266,0.11106639705491232,0.010918305678179805,,,0.01950995409512859,0.0016608921622075796,0.006616295457259775,-0.008178940966075255,,,ketone
a5717fa9521e409f9a64b296b86f1259,298.15,101.325,1,O=C1CCCCC1,1.0,0.9430000000000002,0.0,0.9313572483756974,0.00018838047033240668,0.00013555366538520378,0.007874015748031496,0.04821932532357388,0.00045905559552357077,0.007182357643138789,-0.06320857821845072,0.11844267627155786,0.008009443466802128,,,0.023733222975595446,0.0009750189939521526,0.007315495314893347,-0.013964443530139386,,,ketone
7bd17fead51341e48da1d3a641e5f6c2,298.15,101.325,1,CCCC(C)=O,1.0,0.8019900000000002,0.0,0.7905472741416114,0.00022455482261852402,0.0001309359750702395,0.007874015748031496,0.04821932532357388,0.0004434176814070061,0.1039896121340064,-0.061947908206476346,0.11794071673570265,0.005170827058688807,,,0.03249217554569175,0.0029586327216070685,0.011001216573302114,-0.01107858930552638,,,ketone
11a3bedec99f4bdeb7a86cb925bace53,298.15,101.325,1,O=C1CCCC1,1.0,0.9453,0.0,0.9289571649759324,0.0003126072639908457,0.00026708825662389186,0.007874015748031496,0.04821932532357388,0.0009045005043088725,0.04512931946263894,-0.09055392080774176,0.18402956072845858,0.012235197781639732,,,0.05010814946464541,0.0030861315164399847,0.017115057678663247,-0.02109227199017738,,,ketone
