Id,Temperature (K),Pressure (kPa),N Components,Component 1,Mole Fraction 1,Reference Density Value (g / ml),Reference Density Uncertainty (g / ml),Estimated Density Value (g / ml),Estimated Density Uncertainty (g / ml),Delta^2,Weight,Denom,Term,d Term / d [#1:1]-[#6X4] epsilon,d Term / d [#1:1]-[#6X4] rmin_half,d Term / d [#6X4:1] epsilon,d Term / d [#6X4:1] rmin_half,d Term / d [#8X2H1+0:1] epsilon,d Term / d [#8X2H1+0:1] rmin_half,d Term / d [#6:1] epsilon,d Term / d [#6:1] rmin_half,d Term / d [#8:1] epsilon,d Term / d [#8:1] rmin_half,d Term / d [#8X2H0+0:1] epsilon,d Term / d [#8X2H0+0:1] rmin_half,Environment 1
6bce57dafd0a4f7db22c97be283f7072,298.15,101.325,1,CCCCCC,1.0,0.6549610000000001,0.0,0.6499603645726029,0.00021709618660639948,2.5006354677740574e-05,0.007874015748031496,0.04821932532357388,8.468459341060976e-05,0.10862282067865653,-0.023974911505511717,0.07180753835210646,0.009623389920293875,,,,,,,,,alkane
98dfde7944bf44bea8000f1e4d6ea8e4,298.15,101.325,1,CC(C)CC(C)(C)C,1.0,0.6877900000000001,0.0,0.7148132459865544,0.00017844473389300666,0.0007302558236498207,0.007874015748031496,0.04821932532357388,0.002473028088598743,-0.39064396096145576,0.12653060114542927,-0.32346947856298364,-0.04239695488543469,,,,,,,,,alkane
6592c1fb6333488eb660fc3dafe00290,298.15,101.325,1,CC1CCCCC1,1.0,0.7667000000000003,0.0,0.7709702227780275,0.00024777211151006805,1.823480257398271e-05,0.007874015748031496,0.04821932532357388,6.175257696696765e-05,-0.0729312373455617,0.02192259008082594,-0.06487011470877464,-0.009271800855297115,,,,,,,,,alkane
87ff75ca440e4c8c8fe9335cb745f360,298.15,101.325,1,CCCCCCC,1.0,0.6796000000000002,0.0,0.6773502275422226,0.0001350977616671709,5.061476111774559e-06,0.007874015748031496,0.04821932532357388,1.7140804891673672e-05,0.03602508750932344,-0.010426333088469804,0.029306674877028555,0.004378763002476211,,,,,,,,,alkane
7adf507e0d3b42bf93a24110e357fafe,298.15,101.325,1,CCCCCCCCCC,1.0,0.7261500000000002,0.0,0.7297140775540436,0.00020049242638464924,1.2702648811236134e-05,0.007874015748031496,0.04821932532357388,4.301781141954486e-05,-0.0533372508057109,0.01751254439596517,-0.04945432444832556,-0.008125423301817269,,,,,,,,,alkane
de7cf3d0de5741e5a35a443a439861e9,298.15,101.325,1,C1CCCCC1,1.0,0.7737800000000001,0.0,0.7668264152394111,0.00022492934142441854,4.835234102269626e-05,0.007874015748031496,0.04821932532357388,0.0001637463113967218,0.1002361423327,-0.0363186300312071,0.10522267349469606,0.01667046345955894,,,,,,,,,alkane
