Id,Temperature (K),Pressure (kPa),N Components,Component 1,Mole Fraction 1,Reference Density Value (g / ml),Reference Density Uncertainty (g / ml),Estimated Density Value (g / ml),Estimated Density Uncertainty (g / ml),Delta^2,Weight,Denom,Term,d Term / d [#1:1]-[#6X4] epsilon,d Term / d [#1:1]-[#6X4] rmin_half,d Term / d [#6X4:1] epsilon,d Term / d [#6X4:1] rmin_half,d Term / d [#8X2H1+0:1] epsilon,d Term / d [#8X2H1+0:1] rmin_half,d Term / d [#6:1] epsilon,d Term / d [#6:1] rmin_half,d Term / d [#8:1] epsilon,d Term / d [#8:1] rmin_half,d Term / d [#8X2H0+0:1] epsilon,d Term / d [#8X2H0+0:1] rmin_half,Environment 1
6bce57dafd0a4f7db22c97be283f7072,298.15,101.325,1,CCCCCC,1.0,0.6549610000000001,0.0,0.6351261328757248,0.0002291242072123529,0.0003934219538376567,0.007874015748031496,0.04821932532357388,0.0013323324662433346,0.509658361687248,-0.06739390665026071,0.29905660897792335,0.04114240410800747,,,,,,,,,alkane
98dfde7944bf44bea8000f1e4d6ea8e4,298.15,101.325,1,CC(C)CC(C)(C)C,1.0,0.6877900000000001,0.0,0.7037979085263464,0.00018436269049219568,0.0002562531353878693,0.007874015748031496,0.04821932532357388,0.0008678071178376323,-0.36237508028353926,0.049949414192867234,-0.2061562421425467,-0.02448028711040481,,,,,,,,,alkane
6592c1fb6333488eb660fc3dafe00290,298.15,101.325,1,CC1CCCCC1,1.0,0.7667000000000003,0.0,0.7606033716264974,0.00021102457478436754,3.716887752460047e-05,0.007874015748031496,0.04821932532357388,0.00012587325586889352,0.09338931961588992,-0.03177918790038629,0.10308237782710886,0.010609722152606539,,,,,,,,,alkane
87ff75ca440e4c8c8fe9335cb745f360,298.15,101.325,1,CCCCCCC,1.0,0.6796000000000002,0.0,0.6643736555990228,0.0002248949233776369,0.00023184156381717477,0.007874015748031496,0.04821932532357388,0.0007851367710550019,0.36438763747423697,-0.07865516012004026,0.2797228374142686,0.03372191389345632,,,,,,,,,alkane
7adf507e0d3b42bf93a24110e357fafe,298.15,101.325,1,CCCCCCCCCC,1.0,0.7261500000000002,0.0,0.7200038267566969,0.00015617193624732297,3.777544553669671e-05,0.007874015748031496,0.04821932532357388,0.00012792741234800547,0.13187015806114996,-0.02328815079643511,0.09275114108127835,0.011725615232842943,,,,,,,,,alkane
de7cf3d0de5741e5a35a443a439861e9,298.15,101.325,1,C1CCCCC1,1.0,0.7737800000000001,0.0,0.7530468004948823,0.000328881117368382,0.00042986556171901996,0.007874015748031496,0.04821932532357388,0.0014557495798379091,0.3554459970829063,-0.09898846242585664,0.3540829319850932,0.043207270236908735,,,,,,,,,alkane
