Id,Temperature (K),Pressure (kPa),N Components,Component 1,Mole Fraction 1,Reference EnthalpyOfVaporization Value (kJ / mol),Reference EnthalpyOfVaporization Uncertainty (kJ / mol),Estimated EnthalpyOfVaporization Value (kJ / mol),Estimated EnthalpyOfVaporization Uncertainty (kJ / mol),Delta^2,Weight,Denom,Term,d Term / d [#1:1]-[#6X4] epsilon,d Term / d [#1:1]-[#6X4] rmin_half,d Term / d [#6:1] epsilon,d Term / d [#6:1] rmin_half,d Term / d [#6X4:1] epsilon,d Term / d [#6X4:1] rmin_half,d Term / d [#8:1] epsilon,d Term / d [#8:1] rmin_half,d Term / d [#8X2H1+0:1] epsilon,d Term / d [#8X2H1+0:1] rmin_half,d Term / d [#8X2H0+0:1] epsilon,d Term / d [#8X2H0+0:1] rmin_half,Environment 1
44a094a1c4fb45fe88e49b08ac11c15e,298.15,101.325,1,C1CCCCC1,1.0,33.02,0.0,32.91343896163671,0.25430460204694755,0.011355254897063795,0.03571428571428571,25.6831695776047,6.148109836126846e-07,0.011087558747679575,-0.00018942130177636995,,,0.0045638299398651294,0.000980489062787648,,,,,,,alkane
a47bd2a5b343439293299dfb113ab2b6,298.15,101.325,1,CCCCCC,1.0,31.55,0.0,30.86575857535325,0.30765954994865446,0.4681863272026139,0.03571428571428571,25.6831695776047,2.534915322912563e-05,0.07122137578417281,-0.0012752663062390735,,,0.025141709600765203,0.004677552101753937,,,,,,,alkane
5f2588d518fa4b3ca770debd4539df1c,298.15,101.325,1,CC1CCCCC1,1.0,35.38,0.0,37.207048209048885,0.30453736906744583,3.3381051581887298,0.03571428571428571,25.6831695776047,0.00018073603228750657,-0.18821503166938935,0.007528023459125028,,,-0.08594651741283385,-0.016611727501578192,,,,,,,alkane
bdd784a45f7845ffb86c69f7c9491f41,298.15,101.325,1,CCCCCCC,1.0,36.58,0.0,36.00178651701878,0.3413428414141829,0.33433083190127283,0.03571428571428571,25.6831695776047,1.8101774859005516e-05,0.06903782302063267,-0.0024450274668127467,,,0.02768535226624055,0.0050329494868978485,,,,,,,alkane
cf2c1c4f97df47efa288e70af17dea0e,298.15,101.325,1,CC(C)CC(C)(C)C,1.0,35.13,0.0,38.32318097648746,0.3237989954538325,10.196404748601372,0.03571428571428571,25.6831695776047,0.0005520670112320985,-0.3788161145096117,0.010328753724829576,,,-0.14211237199176596,-0.027052128374990967,,,,,,,alkane
deb81810e4c64cda9c8da9d9664747d2,298.15,101.325,1,CCCCCCCCCC,1.0,51.35,0.0,54.074093247431044,0.408585037911866,7.420684020699404,0.03571428571428571,25.6831695776047,0.00040178032842088306,-0.5005616924601971,0.008516564865060068,,,-0.19095860205963114,-0.03974114767897684,,,,,,,alkane
