Id,Temperature (K),Pressure (kPa),N Components,Component 1,Mole Fraction 1,Reference Density Value (g / ml),Reference Density Uncertainty (g / ml),Estimated Density Value (g / ml),Estimated Density Uncertainty (g / ml),Delta^2,Weight,Denom,Term,d Term / d [#1:1]-[#6X4] epsilon,d Term / d [#1:1]-[#6X4] rmin_half,d Term / d [#6X4:1] epsilon,d Term / d [#6X4:1] rmin_half,d Term / d [#8X2H1+0:1] epsilon,d Term / d [#8X2H1+0:1] rmin_half,d Term / d [#6:1] epsilon,d Term / d [#6:1] rmin_half,d Term / d [#8:1] epsilon,d Term / d [#8:1] rmin_half,d Term / d [#8X2H0+0:1] epsilon,d Term / d [#8X2H0+0:1] rmin_half,Environment 1
c9baf2c4d6454369a7a204c872e6f1b0,298.15,101.325,1,C1CCOCC1,1.0,0.8788100000000002,0.0,0.8860426865481822,0.00021869227480462986,5.231175470425268e-05,0.007874015748031496,0.04821932532357388,0.00017715495660263337,-0.05618136009204881,0.0200512315893371,-0.10155517585020245,-0.005490627121413511,,,,,,,-0.00922718128999113,0.00211470424359315,ether
efcc795e1d64433d8e9a6c1c9c5a299f,298.15,101.325,1,CCCCOCCCC,1.0,0.7640700000000002,0.0,0.7651283728369763,0.00018203642692888762,1.1201530620487826e-06,0.007874015748031496,0.04821932532357388,3.793424025201487e-06,-0.020135344040254594,0.0033188525558341484,-0.015873808498487935,-0.0014267379232984214,,,,,,,-0.0008490501558746284,5.944185647513698e-05,ether
34ae4b32490945aa8994d7ced26dbf30,298.15,101.325,1,COC(C)(C)C,1.0,0.7352700000000002,0.0,0.7456681761117627,0.00024583480161918743,0.00010812206645122882,0.007874015748031496,0.04821932532357388,0.0003661578568381943,-0.23499957673826768,0.03510924955032581,-0.1715376491274792,-0.014276619142250995,,,,,,,-0.01760163906880822,-0.0028459949856577227,ether
2c5bfd43a3594e59924cefca8964d47d,298.15,101.325,1,CC(C)OC(C)C,1.0,0.7184600000000002,0.0,0.733310728632849,0.0002522280190321533,0.0002205441409265138,0.007874015748031496,0.04821932532357388,0.0007468777894316244,-0.34198950777399234,0.057498469631660165,-0.23100307741871337,-0.01836660850101813,,,,,,,-0.018092840473767403,-0.003481598920874021,ether
a586bf1dde484f718e6a2147ec6819ce,298.15,101.325,1,C1COCCO1,1.0,1.02787,0.0,1.0710737932218035,0.00023995778839979852,0.0018665677487523502,0.007874015748031496,0.04821932532357388,0.006321174473989032,,,-0.4485660987998762,0.05274128710044754,,,,,,,-0.12305214827922557,0.038986944397743084,ether
