Id,Temperature (K),Pressure (kPa),N Components,Component 1,Mole Fraction 1,Reference EnthalpyOfVaporization Value (kJ / mol),Reference EnthalpyOfVaporization Uncertainty (kJ / mol),Estimated EnthalpyOfVaporization Value (kJ / mol),Estimated EnthalpyOfVaporization Uncertainty (kJ / mol),Delta^2,Weight,Denom,Term,d Term / d [#1:1]-[#6X4] epsilon,d Term / d [#1:1]-[#6X4] rmin_half,d Term / d [#6:1] epsilon,d Term / d [#6:1] rmin_half,d Term / d [#6X4:1] epsilon,d Term / d [#6X4:1] rmin_half,d Term / d [#8:1] epsilon,d Term / d [#8:1] rmin_half,d Term / d [#8X2H1+0:1] epsilon,d Term / d [#8X2H1+0:1] rmin_half,d Term / d [#8X2H0+0:1] epsilon,d Term / d [#8X2H0+0:1] rmin_half,Environment 1
055bb046803c41e199b4713916d63357,298.15,101.325,1,C1COCCO1,1.0,38.64,0.0,47.64904076697723,0.17527196990602772,81.16281554105765,0.03571428571428571,25.6831695776047,0.0043944227503405035,,,,,-0.31488349579312197,-0.04449912136140544,,,,,-0.084522042631442,-0.016308516027609497,ether
b1f47515d3614067b49215bb7022e4ed,298.15,101.325,1,C1CCOCC1,1.0,34.94,0.0,38.11849672871957,0.2654391413424601,10.102841454481025,0.03571428571428571,25.6831695776047,0.0005470011856377257,-0.1557605358302228,0.005455237126542328,,,-0.11760066609017819,-0.0212933467378299,,,,,-0.011890817292956806,-0.0015180247802643594,ether
29bbe7dd6eca44b48906aaf9b4eb4235,298.15,101.325,1,COC(C)(C)C,1.0,32.42,0.0,32.27357635769461,0.28041778427855935,0.021439883025977758,0.03571428571428571,25.6831695776047,1.1608260396823599e-06,0.011367581642179488,-0.00022212174419281442,,,0.004999354855958578,0.0008003693460506279,,,,,0.0005518163429869702,0.00019030077710031093,ether
16da8f9ca25f46a5adb5d65fe9238ed2,298.15,101.325,1,CC(C)OC(C)C,1.0,32.12,0.0,35.21316484383119,0.21119156163862127,9.567668751113228,0.03571428571428571,25.6831695776047,0.0005180251688822326,-0.3343667844618934,0.0032450606036598744,,,-0.12430469761753488,-0.023621114110646636,,,,,-0.009991110925450792,-0.0037273104707382858,ether
bb09c2d9541843a8bb9b84ccf9fd4d26,298.15,101.325,1,CCCCOCCCC,1.0,44.99,0.0,49.589572078296,0.40630275049123976,21.156063303440177,0.03571428571428571,25.6831695776047,0.0011454591030205395,-0.5576334297506663,0.01343327601417992,,,-0.26966811641888794,-0.050843061945150446,,,,,-0.015380559093702164,-0.0027302856100307788,ether
