Id,Temperature (K),Pressure (kPa),N Components,Component 1,Mole Fraction 1,Reference Density Value (g / ml),Reference Density Uncertainty (g / ml),Estimated Density Value (g / ml),Estimated Density Uncertainty (g / ml),Delta^2,Weight,Denom,Term,d Term / d [#1:1]-[#6X4] epsilon,d Term / d [#1:1]-[#6X4] rmin_half,d Term / d [#6X4:1] epsilon,d Term / d [#6X4:1] rmin_half,d Term / d [#8X2H1+0:1] epsilon,d Term / d [#8X2H1+0:1] rmin_half,d Term / d [#6:1] epsilon,d Term / d [#6:1] rmin_half,d Term / d [#8:1] epsilon,d Term / d [#8:1] rmin_half,d Term / d [#8X2H0+0:1] epsilon,d Term / d [#8X2H0+0:1] rmin_half,Environment 1
c9baf2c4d6454369a7a204c872e6f1b0,298.15,101.325,1,C1CCOCC1,1.0,0.8788100000000002,0.0,0.8909911343289688,0.00025559803280926637,0.0001483800335403776,0.03571428571428571,0.04821932532357388,0.0022791618906390534,-0.1647697816835708,0.1635687563011496,-0.811511314235626,-0.006667054346739969,,,,,,,-0.08266465265423761,0.013385816565484052,ether
efcc795e1d64433d8e9a6c1c9c5a299f,298.15,101.325,1,CCCCOCCCC,1.0,0.7640700000000002,0.0,0.7693866816557499,0.00018357113797162856,2.8267103828584425e-05,0.03571428571428571,0.04821932532357388,0.000434191206644493,-0.2719617339415002,0.08739348110642203,-0.3609192736497385,-0.010058113879492302,,,,,,,-0.024654063859656145,-0.0029997477988014426,ether
34ae4b32490945aa8994d7ced26dbf30,298.15,101.325,1,COC(C)(C)C,1.0,0.7352700000000002,0.0,0.7455314390324183,0.0002705417383198529,0.00010529713101603272,0.03571428571428571,0.04821932532357388,0.0016173955651523875,-0.840740913782894,0.1366126565126272,-0.6811334259486655,-0.025192200580152382,,,,,,,-0.07002853917960757,-0.0034970566147145827,ether
2c5bfd43a3594e59924cefca8964d47d,298.15,101.325,1,CC(C)OC(C)C,1.0,0.7184600000000002,0.0,0.7348922035721265,0.00026711761748485403,0.00027001731423579933,0.03571428571428571,0.04821932532357388,0.004147547063678724,-1.5105006530282585,0.3338105019314112,-1.343923857975227,-0.07490335352250792,,,,,,,-0.11616079840921512,-0.02867758061669468,ether
a586bf1dde484f718e6a2147ec6819ce,298.15,101.325,1,C1COCCO1,1.0,1.02787,0.0,1.0648047457843497,0.00022340602471057104,0.0013641754461545328,0.03571428571428571,0.04821932532357388,0.02095414467051499,,,-1.67846729096163,0.1654050402539587,,,,,,,-0.41639983487892246,0.1713113205799137,ether
