Id,Temperature (K),Pressure (kPa),N Components,Component 1,Mole Fraction 1,Reference Density Value (g / ml),Reference Density Uncertainty (g / ml),Estimated Density Value (g / ml),Estimated Density Uncertainty (g / ml),Delta^2,Weight,Denom,Term,d Term / d [#1:1]-[#6X4] epsilon,d Term / d [#1:1]-[#6X4] rmin_half,d Term / d [#6X4:1] epsilon,d Term / d [#6X4:1] rmin_half,d Term / d [#8X2H1+0:1] epsilon,d Term / d [#8X2H1+0:1] rmin_half,d Term / d [#6:1] epsilon,d Term / d [#6:1] rmin_half,d Term / d [#8:1] epsilon,d Term / d [#8:1] rmin_half,d Term / d [#8X2H0+0:1] epsilon,d Term / d [#8X2H0+0:1] rmin_half,Environment 1
0b24264e4f7041f1b0599746a6bcbe94,298.15,101.325,1,O=C1CCCCCC1,1.0,0.9476200000000002,0.0,0.9276879501721286,0.00026202784398522585,0.00039728661034075895,0.03571428571428571,0.04821932532357388,0.006102441685345913,-0.4420887443205854,-0.4030260631749316,1.2013785316007448,0.05189908687713329,,,0.19681603431599212,0.010011908384770342,0.061739595635185225,-0.10782426937531552,,,ketone
a5717fa9521e409f9a64b296b86f1259,298.15,101.325,1,O=C1CCCCC1,1.0,0.9430000000000002,0.0,0.9182875284141612,0.0002238317293488464,0.0006107062518809001,0.03571428571428571,0.04821932532357388,0.00938063149367866,0.610921045729013,-0.3938177624319393,1.3255521292809451,0.018483692312936763,,,0.2665087440756582,0.013979437497263717,0.09846576403885152,-0.1125072746201219,,,ketone
7bd17fead51341e48da1d3a641e5f6c2,298.15,101.325,1,CCCC(C)=O,1.0,0.8019900000000002,0.0,0.7668208289829574,0.000258034171874002,0.0012368705900260002,0.03571428571428571,0.04821932532357388,0.018998703836202984,1.4537222357588402,-0.6475704649536069,1.9531869328954956,0.024658241583770387,,,0.5343072998799896,0.07187259063613885,0.18895803910607323,-0.11212421567160313,,,ketone
11a3bedec99f4bdeb7a86cb925bace53,298.15,101.325,1,O=C1CCCC1,1.0,0.9453,0.0,0.9109031777268318,0.0002465046936857836,0.0011831413824919203,0.03571428571428571,0.04821932532357388,0.018173407067466323,0.2610595497427038,-0.5723709627851025,1.8590274420236421,0.020312600190376177,,,0.49513793453858645,0.03486673394655084,0.18722198118270605,-0.15304182104586858,,,ketone
