Id,Temperature (K),Pressure (kPa),N Components,Component 1,Mole Fraction 1,Reference EnthalpyOfVaporization Value (kJ / mol),Reference EnthalpyOfVaporization Uncertainty (kJ / mol),Estimated EnthalpyOfVaporization Value (kJ / mol),Estimated EnthalpyOfVaporization Uncertainty (kJ / mol),Delta^2,Weight,Denom,Term,d Term / d [#1:1]-[#6X4] epsilon,d Term / d [#1:1]-[#6X4] rmin_half,d Term / d [#6:1] epsilon,d Term / d [#6:1] rmin_half,d Term / d [#6X4:1] epsilon,d Term / d [#6X4:1] rmin_half,d Term / d [#8:1] epsilon,d Term / d [#8:1] rmin_half,d Term / d [#8X2H1+0:1] epsilon,d Term / d [#8X2H1+0:1] rmin_half,d Term / d [#8X2H0+0:1] epsilon,d Term / d [#8X2H0+0:1] rmin_half,Environment 1
6b2d2f277d7b470da67f79b461d1a009,298.16,101.325,1,O=C1CCCC1,1.0,42.63,0.0,40.960394130405554,0.19536414097256588,2.7875837597842352,0.03571428571428571,25.6831695776047,0.00015092898651696937,0.11651191073188129,-0.0044823043020986875,0.012616619621887024,0.001762699809891169,0.04814880429935476,0.0071040228339282994,0.005956257329017662,-0.0006889165052585375,,,,,ketone
e8e70fcf04ee463a9671f8e8beb0cdba,298.15,101.325,1,CCCC(C)=O,1.0,38.43,0.0,36.968697732939646,0.2433206510546359,2.1354043157157307,0.03571428571428571,25.6831695776047,0.0001156178385828607,0.10832926999132636,-0.004891699889083911,0.010318913615410359,0.0016345696005139463,0.03795969414105352,0.004637639558730118,0.004872517786091331,9.065411327091602e-05,,,,,ketone
ccb77d44c1e74368bbfd37152c26ea21,298.16,101.325,1,O=C1CCCCC1,1.0,44.89,0.0,45.19685408720787,0.1941517975797001,0.09415943083617331,0.03571428571428571,25.6831695776047,5.0981024040039245e-06,-0.033369757979841264,0.0007082900495325627,-0.0023680887538890323,-0.0003657939350348334,-0.011598504023416008,-0.0019632572809155703,-0.0012312020416631127,-6.955196522989219e-05,,,,,ketone
306e2ef66008434a91f82d02cf6e6983,298.16,101.325,1,O=C1CCCCCC1,1.0,49.54,0.0,50.19649788134798,0.30443676139754505,0.43098946821438794,0.03571428571428571,25.6831695776047,2.333519249736197e-05,-0.0775118778418034,0.002388494807884218,-0.004812975653178158,-0.0005579318592388968,-0.029502716272276824,-0.0048248339047513205,-0.00260750681849324,0.00017803832694334384,,,,,ketone
