Id,Temperature (K),Pressure (kPa),N Components,Component 1,Mole Fraction 1,Reference Density Value (g / ml),Reference Density Uncertainty (g / ml),Estimated Density Value (g / ml),Estimated Density Uncertainty (g / ml),Delta^2,Weight,Denom,Term,d Term / d [#1:1]-[#6X4] epsilon,d Term / d [#1:1]-[#6X4] rmin_half,d Term / d [#6X4:1] epsilon,d Term / d [#6X4:1] rmin_half,d Term / d [#8X2H1+0:1] epsilon,d Term / d [#8X2H1+0:1] rmin_half,d Term / d [#6:1] epsilon,d Term / d [#6:1] rmin_half,d Term / d [#8:1] epsilon,d Term / d [#8:1] rmin_half,d Term / d [#8X2H0+0:1] epsilon,d Term / d [#8X2H0+0:1] rmin_half,Environment 1
c9baf2c4d6454369a7a204c872e6f1b0,298.15,101.325,1,C1CCOCC1,1.0,0.8788100000000002,0.0,0.8908259162990416,0.00030552650603706303,0.00014438224450556922,0.03571428571428571,0.04821932532357388,0.002217754650072077,-0.08752498477869282,0.15264993213545527,-0.7219072161815957,0.029988096851642245,,,,,,,-0.07289554730292583,0.015837128331538657,ether
efcc795e1d64433d8e9a6c1c9c5a299f,298.15,101.325,1,CCCCOCCCC,1.0,0.7640700000000002,0.0,0.7707046742135467,0.00018549879839035362,4.401890191989841e-05,0.03571428571428571,0.04821932532357388,0.0006761435573898133,-0.2969705124898409,0.09981391649871071,-0.42513391112795806,-0.00875856849774159,,,,,,,-0.030153794532524723,-0.00556909754205801,ether
34ae4b32490945aa8994d7ced26dbf30,298.15,101.325,1,COC(C)(C)C,1.0,0.7352700000000002,0.0,0.7463226395808187,0.00026816903838157316,0.0001221608417034753,0.03571428571428571,0.04821932532357388,0.001876427227408499,-0.8533231134623719,0.14978083927176683,-0.7403750459593256,-0.016642475942188487,,,,,,,-0.08071841431877828,-0.008059274809806583,ether
2c5bfd43a3594e59924cefca8964d47d,298.15,101.325,1,CC(C)OC(C)C,1.0,0.7184600000000002,0.0,0.7355608772193791,0.00023166402697184606,0.0002924400016722728,0.03571428571428571,0.04821932532357388,0.004491966278795121,-0.999700098964629,0.3734197952761288,-1.344146096063496,-0.03253911393540163,,,,,,,-0.11812807592046054,-0.023101776226302845,ether
a586bf1dde484f718e6a2147ec6819ce,298.15,101.325,1,C1COCCO1,1.0,1.02787,0.0,1.0584209793589108,0.00024934610678924586,0.0009333623397885884,0.03571428571428571,0.04821932532357388,0.014336725934389056,,,-1.38403720557611,0.17332361491871906,,,,,,,-0.37940389612495656,0.11037654810428484,ether
