Id,Temperature (K),Pressure (kPa),N Components,Component 1,Mole Fraction 1,Reference Density Value (g / ml),Reference Density Uncertainty (g / ml),Estimated Density Value (g / ml),Estimated Density Uncertainty (g / ml),Delta^2,Weight,Denom,Term,d Term / d [#1:1]-[#6X4] epsilon,d Term / d [#1:1]-[#6X4] rmin_half,d Term / d [#6X4:1] epsilon,d Term / d [#6X4:1] rmin_half,d Term / d [#8X2H1+0:1] epsilon,d Term / d [#8X2H1+0:1] rmin_half,d Term / d [#6:1] epsilon,d Term / d [#6:1] rmin_half,d Term / d [#8:1] epsilon,d Term / d [#8:1] rmin_half,d Term / d [#8X2H0+0:1] epsilon,d Term / d [#8X2H0+0:1] rmin_half,Environment 1
0b24264e4f7041f1b0599746a6bcbe94,298.15,101.325,1,O=C1CCCCCC1,1.0,0.9476200000000002,0.0,0.9215401978776275,0.00021395321404246086,0.000680156078742116,0.007874015748031496,0.04821932532357388,0.0023033641538845458,-0.02446072954980909,-0.1124201003517526,0.25706673270013725,0.007995632798002063,,,0.04490391296014337,0.0024728362927858524,0.01328992794238519,-0.02390903429886187,,,ketone
a5717fa9521e409f9a64b296b86f1259,298.15,101.325,1,O=C1CCCCC1,1.0,0.9430000000000002,0.0,0.9135089670602498,0.0003131456564806654,0.0008697210238534441,0.007874015748031496,0.04821932532357388,0.0029453301864605435,0.3112369135454622,-0.11678547519325821,0.3735991954249524,0.026772627963555874,,,0.07407007264687324,0.003946226147925142,0.023977622840432408,-0.035705721359090295,,,ketone
7bd17fead51341e48da1d3a641e5f6c2,298.15,101.325,1,CCCC(C)=O,1.0,0.8019900000000002,0.0,0.7708368131805828,0.00022903310632941385,0.0009705210490055199,0.007874015748031496,0.04821932532357388,0.0032866917825744024,0.32073096615443963,-0.12727994437959672,0.32270453343048433,0.008465361795487977,,,0.08655103429483861,0.008818525589597424,0.030279714462079086,-0.025258987795963875,,,ketone
11a3bedec99f4bdeb7a86cb925bace53,298.15,101.325,1,O=C1CCCC1,1.0,0.9453,0.0,0.9078372295599199,0.00024083241248634476,0.0014034591690461448,0.007874015748031496,0.04821932532357388,0.004752846651609746,0.16557241730195235,-0.146624295383773,0.40002059295684883,0.01391456491433919,,,0.1050587095734023,0.007156000318388408,0.032480777369820225,-0.04706837363469878,,,ketone
