Id,Temperature (K),Pressure (kPa),N Components,Component 1,Mole Fraction 1,Reference Density Value (g / ml),Reference Density Uncertainty (g / ml),Estimated Density Value (g / ml),Estimated Density Uncertainty (g / ml),Delta^2,Weight,Denom,Term,d Term / d [#1:1]-[#6X4] epsilon,d Term / d [#1:1]-[#6X4] rmin_half,d Term / d [#6X4:1] epsilon,d Term / d [#6X4:1] rmin_half,d Term / d [#8X2H1+0:1] epsilon,d Term / d [#8X2H1+0:1] rmin_half,d Term / d [#6:1] epsilon,d Term / d [#6:1] rmin_half,d Term / d [#8:1] epsilon,d Term / d [#8:1] rmin_half,d Term / d [#8X2H0+0:1] epsilon,d Term / d [#8X2H0+0:1] rmin_half,Environment 1
c9baf2c4d6454369a7a204c872e6f1b0,298.15,101.325,1,C1CCOCC1,1.0,0.8788100000000002,0.0,0.8881371150352796,0.00032273978928626807,8.69950748813348e-05,0.007874015748031496,0.04821932532357388,0.00029461081553039224,-0.07583768075530567,0.02780074581620952,-0.14560759605329274,-0.004439345843753164,,,,,,,-0.015788624523592237,0.00015298451614347586,ether
efcc795e1d64433d8e9a6c1c9c5a299f,298.15,101.325,1,CCCCOCCCC,1.0,0.7640700000000002,0.0,0.7665567808040216,0.00018817487439086783,6.184078767248902e-06,0.007874015748031496,0.04821932532357388,2.0942524521170072e-05,-0.04386413881122935,0.008351008197814614,-0.038316144467536825,-0.0024457068735680215,,,,,,,-0.0023444798774002107,-0.00012686343713262516,ether
34ae4b32490945aa8994d7ced26dbf30,298.15,101.325,1,COC(C)(C)C,1.0,0.7352700000000002,0.0,0.7448629742386392,0.00027519227142235004,9.202515474319207e-05,0.007874015748031496,0.04821932532357388,0.00031164529630193203,-0.18657204836052918,0.02974760298955656,-0.1469456098769347,-0.00991255747056599,,,,,,,-0.015356194545097514,-0.0015636876749044958,ether
2c5bfd43a3594e59924cefca8964d47d,298.15,101.325,1,CC(C)OC(C)C,1.0,0.7184600000000002,0.0,0.732527157766484,0.000261893174937861,0.000197884927627146,0.007874015748031496,0.04821932532357388,0.0006701418441093204,-0.30912694756039993,0.05942104408868615,-0.24070115699587907,-0.01960008657322086,,,,,,,-0.019446453163399758,-0.004672177152655948,ether
a586bf1dde484f718e6a2147ec6819ce,298.15,101.325,1,C1COCCO1,1.0,1.02787,0.0,1.069408259931708,0.0002893441465908535,0.0017254270381541392,0.007874015748031496,0.04821932532357388,0.005843198221763292,,,-0.4386971053288164,0.04584027847495504,,,,,,,-0.10676859994810119,0.04651185852377118,ether
