Id,Temperature (K),Pressure (kPa),N Components,Component 1,Mole Fraction 1,Reference EnthalpyOfVaporization Value (kJ / mol),Reference EnthalpyOfVaporization Uncertainty (kJ / mol),Estimated EnthalpyOfVaporization Value (kJ / mol),Estimated EnthalpyOfVaporization Uncertainty (kJ / mol),Delta^2,Weight,Denom,Term,d Term / d [#1:1]-[#6X4] epsilon,d Term / d [#1:1]-[#6X4] rmin_half,d Term / d [#6:1] epsilon,d Term / d [#6:1] rmin_half,d Term / d [#6X4:1] epsilon,d Term / d [#6X4:1] rmin_half,d Term / d [#8:1] epsilon,d Term / d [#8:1] rmin_half,d Term / d [#8X2H1+0:1] epsilon,d Term / d [#8X2H1+0:1] rmin_half,d Term / d [#8X2H0+0:1] epsilon,d Term / d [#8X2H0+0:1] rmin_half,Environment 1
44a094a1c4fb45fe88e49b08ac11c15e,298.15,101.325,1,C1CCCCC1,1.0,33.02,0.0,31.967659181948445,0.27642628703044797,1.1074211973374226,0.03571428571428571,25.6831695776047,5.995943920066568e-05,0.1182261934254612,-0.003325734566945199,,,0.04886997690529291,0.009584576744167989,,,,,,,alkane
a47bd2a5b343439293299dfb113ab2b6,298.15,101.325,1,CCCCCC,1.0,31.55,0.0,29.592612527102748,0.29873128234996926,3.831365719055093,0.03571428571428571,25.6831695776047,0.00020744278729676753,0.20674662699541685,-0.007649245734969574,,,0.07909462182856049,0.01362501904159311,,,,,,,alkane
5f2588d518fa4b3ca770debd4539df1c,298.15,101.325,1,CC1CCCCC1,1.0,35.38,0.0,36.67163619557221,0.2997252665488264,1.6683240617122512,0.03571428571428571,25.6831695776047,9.032857180786331e-05,-0.13216515883395863,0.00637922379600472,,,-0.059368465114912554,-0.01011634576949977,,,,,,,alkane
bdd784a45f7845ffb86c69f7c9491f41,298.15,101.325,1,CCCCCCC,1.0,36.58,0.0,35.56944310524239,0.32705897493656744,1.0212252375421351,0.03571428571428571,25.6831695776047,5.529250540608541e-05,0.1458457876622681,-0.0014375443950696018,,,0.049368205138210386,0.010636949288883325,,,,,,,alkane
cf2c1c4f97df47efa288e70af17dea0e,298.15,101.325,1,CC(C)CC(C)(C)C,1.0,35.13,0.0,36.87969960303035,0.23372881840290655,3.0614487008445668,0.03571428571428571,25.6831695776047,0.00016575693844906293,-0.2225113796016025,0.0065218119737073515,,,-0.08139480468026382,-0.015074184945946964,,,,,,,alkane
deb81810e4c64cda9c8da9d9664747d2,298.15,101.325,1,CCCCCCCCCC,1.0,51.35,0.0,52.49481242285149,0.38856814042104554,1.3105954835150921,0.03571428571428571,25.6831695776047,7.095996572887229e-05,-0.1806556778441759,0.006696263362766293,,,-0.07464548308566549,-0.014253196275508204,,,,,,,alkane
