Id,Temperature (K),Pressure (kPa),N Components,Component 1,Mole Fraction 1,Reference Density Value (g / ml),Reference Density Uncertainty (g / ml),Estimated Density Value (g / ml),Estimated Density Uncertainty (g / ml),Delta^2,Weight,Denom,Term,d Term / d [#1:1]-[#6X4] epsilon,d Term / d [#1:1]-[#6X4] rmin_half,d Term / d [#6X4:1] epsilon,d Term / d [#6X4:1] rmin_half,d Term / d [#8X2H1+0:1] epsilon,d Term / d [#8X2H1+0:1] rmin_half,d Term / d [#6:1] epsilon,d Term / d [#6:1] rmin_half,d Term / d [#8:1] epsilon,d Term / d [#8:1] rmin_half,d Term / d [#8X2H0+0:1] epsilon,d Term / d [#8X2H0+0:1] rmin_half,Environment 1
0b24264e4f7041f1b0599746a6bcbe94,298.15,101.325,1,O=C1CCCCCC1,1.0,0.9476200000000002,0.0,0.9212792708010269,0.00022675910719056894,0.000693834014733647,0.007874015748031496,0.04821932532357388,0.002349684797699544,0.1761554010081335,-0.10330338372773734,0.285510482525013,0.011796245829673539,,,0.052205184476002225,0.00385305142654865,0.021084356784302913,-0.018881691653384672,,,ketone
a5717fa9521e409f9a64b296b86f1259,298.15,101.325,1,O=C1CCCCC1,1.0,0.9430000000000002,0.0,0.9137890997398138,0.00020515862142053332,0.0008532766940105553,0.007874015748031496,0.04821932532357388,0.002889641086445714,0.08527496130887868,-0.126211235229996,0.307970283114661,0.005648282456258675,,,0.06251684110841607,0.0017057496219680672,0.022839772294813827,-0.02894149287894052,,,ketone
7bd17fead51341e48da1d3a641e5f6c2,298.15,101.325,1,CCCC(C)=O,1.0,0.8019900000000002,0.0,0.7708933548187485,0.00022263018480139598,0.000967001341528662,0.007874015748031496,0.04821932532357388,0.0032747722125113852,0.3302647245826197,-0.13519962661129473,0.33838758388271134,0.010176138108934038,,,0.0874780447921106,0.00852304632923632,0.03674593074396363,-0.01531483492648742,,,ketone
11a3bedec99f4bdeb7a86cb925bace53,298.15,101.325,1,O=C1CCCC1,1.0,0.9453,0.0,0.9077023017716328,0.00022857954976933403,0.0014135869120713682,0.007874015748031496,0.04821932532357388,0.004787144485552797,0.10406931271549198,-0.16146098925153585,0.40084583211260305,0.003143257702137252,,,0.10480200704111282,0.0034017613115614196,0.03613363601380723,-0.04522525409144178,,,ketone
