Id,Temperature (K),Pressure (kPa),N Components,Component 1,Mole Fraction 1,Reference EnthalpyOfVaporization Value (kJ / mol),Reference EnthalpyOfVaporization Uncertainty (kJ / mol),Estimated EnthalpyOfVaporization Value (kJ / mol),Estimated EnthalpyOfVaporization Uncertainty (kJ / mol),Delta^2,Weight,Denom,Term,d Term / d [#1:1]-[#6X4] epsilon,d Term / d [#1:1]-[#6X4] rmin_half,d Term / d [#6:1] epsilon,d Term / d [#6:1] rmin_half,d Term / d [#6X4:1] epsilon,d Term / d [#6X4:1] rmin_half,d Term / d [#8:1] epsilon,d Term / d [#8:1] rmin_half,d Term / d [#8X2H1+0:1] epsilon,d Term / d [#8X2H1+0:1] rmin_half,d Term / d [#8X2H0+0:1] epsilon,d Term / d [#8X2H0+0:1] rmin_half,Environment 1
44a094a1c4fb45fe88e49b08ac11c15e,298.15,101.325,1,C1CCCCC1,1.0,33.02,0.0,32.58229632507211,0.26779538234168726,0.19158450704538504,0.03571428571428571,25.6831695776047,1.0373017628338914e-05,0.05733577416797804,-0.0005742805238372636,,,0.01898084620239451,0.0036733613032122305,,,,,,,alkane
a47bd2a5b343439293299dfb113ab2b6,298.15,101.325,1,CCCCCC,1.0,31.55,0.0,30.00017814972689,0.3040202131140716,2.4019477675839727,0.03571428571428571,25.6831695776047,0.00013004938092199463,0.2087523553506713,-0.0024789122628098106,,,0.061930040154473086,0.010973820680232713,,,,,,,alkane
5f2588d518fa4b3ca770debd4539df1c,298.15,101.325,1,CC1CCCCC1,1.0,35.38,0.0,36.702546881978016,0.3143790509964948,1.749130255029765,0.03571428571428571,25.6831695776047,9.47036858538178e-05,-0.14825175856386585,0.005585572153699502,,,-0.06334459963837208,-0.011283248389552948,,,,,,,alkane
bdd784a45f7845ffb86c69f7c9491f41,298.15,101.325,1,CCCCCCC,1.0,36.58,0.0,35.37415480663275,0.3278472759400487,1.4540626303668904,0.03571428571428571,25.6831695776047,7.872775064181751e-05,0.18711973125157097,-0.002447432844004302,,,0.05608295283167619,0.00953022609331965,,,,,,,alkane
cf2c1c4f97df47efa288e70af17dea0e,298.15,101.325,1,CC(C)CC(C)(C)C,1.0,35.13,0.0,36.741583591131025,0.19986281438337153,2.5972016712027637,0.03571428571428571,25.6831695776047,0.00014062107179342774,-0.27371222172051446,0.0017067737324503555,,,-0.07647523027668358,-0.014836350980395577,,,,,,,alkane
deb81810e4c64cda9c8da9d9664747d2,298.15,101.325,1,CCCCCCCCCC,1.0,51.35,0.0,53.3922618605741,0.3945943463531273,4.170833507155588,0.03571428571428571,25.6831695776047,0.00022582269392139605,-0.4506829733821587,0.005022555304093526,,,-0.14317211621356146,-0.02823953906307359,,,,,,,alkane
