Id,Temperature (K),Pressure (kPa),N Components,Component 1,Mole Fraction 1,Reference Density Value (g / ml),Reference Density Uncertainty (g / ml),Estimated Density Value (g / ml),Estimated Density Uncertainty (g / ml),Delta^2,Weight,Denom,Term,d Term / d [#1:1]-[#6X4] epsilon,d Term / d [#1:1]-[#6X4] rmin_half,d Term / d [#6X4:1] epsilon,d Term / d [#6X4:1] rmin_half,d Term / d [#8X2H1+0:1] epsilon,d Term / d [#8X2H1+0:1] rmin_half,d Term / d [#6:1] epsilon,d Term / d [#6:1] rmin_half,d Term / d [#8:1] epsilon,d Term / d [#8:1] rmin_half,d Term / d [#8X2H0+0:1] epsilon,d Term / d [#8X2H0+0:1] rmin_half,Environment 1
c9baf2c4d6454369a7a204c872e6f1b0,298.15,101.325,1,C1CCOCC1,1.0,0.8788100000000002,0.0,0.8887663131144599,0.0002550263849355677,9.912817083316138e-05,0.007874015748031496,0.04821932532357388,0.00033569982313400606,-0.07511280823635753,0.032382222227709014,-0.15131227840094194,-0.004874111555711223,,,,,,,-0.014342151348597494,0.0028096490474282766,ether
efcc795e1d64433d8e9a6c1c9c5a299f,298.15,101.325,1,CCCCOCCCC,1.0,0.7640700000000002,0.0,0.7676618441939211,0.0001996271979181573,1.2901344713403208e-05,0.007874015748031496,0.04821932532357388,4.3690699647526e-05,-0.03734947064283939,0.01579666910371678,-0.054913025096679224,-0.0033806072094427543,,,,,,,-0.0036290872773710814,-0.00042094281141698514,ether
34ae4b32490945aa8994d7ced26dbf30,298.15,101.325,1,COC(C)(C)C,1.0,0.7352700000000002,0.0,0.7476305004341867,0.000258893965167672,0.0001527819709835237,0.007874015748031496,0.04821932532357388,0.0005173996474075569,-0.21393150696450614,0.03798457233116525,-0.1646703496765978,-0.00850988310972904,,,,,,,-0.01778949072263981,-0.0020704608165708206,ether
2c5bfd43a3594e59924cefca8964d47d,298.15,101.325,1,CC(C)OC(C)C,1.0,0.7184600000000002,0.0,0.7353587168017376,0.00023233867943380323,0.0002855666295453212,0.007874015748031496,0.04821932532357388,0.0009670779378415495,-0.23868488867566115,0.07191767112239543,-0.23776253840597503,-0.01768054223791033,,,,,,,-0.018237980942395936,-0.0020610474678204368,ether
a586bf1dde484f718e6a2147ec6819ce,298.15,101.325,1,C1COCCO1,1.0,1.02787,0.0,1.0721973952936519,0.0002903386118230787,0.001964917973519665,0.007874015748031496,0.04821932532357388,0.006654239764935897,,,-0.4565521647387836,0.051547156941776896,,,,,,,-0.11809006300794078,0.04550655744188435,ether
