Id,Temperature (K),Pressure (kPa),N Components,Component 1,Mole Fraction 1,Reference Density Value (g / ml),Reference Density Uncertainty (g / ml),Estimated Density Value (g / ml),Estimated Density Uncertainty (g / ml),Delta^2,Weight,Denom,Term,d Term / d [#1:1]-[#6X4] epsilon,d Term / d [#1:1]-[#6X4] rmin_half,d Term / d [#6X4:1] epsilon,d Term / d [#6X4:1] rmin_half,d Term / d [#8X2H1+0:1] epsilon,d Term / d [#8X2H1+0:1] rmin_half,d Term / d [#6:1] epsilon,d Term / d [#6:1] rmin_half,d Term / d [#8:1] epsilon,d Term / d [#8:1] rmin_half,d Term / d [#8X2H0+0:1] epsilon,d Term / d [#8X2H0+0:1] rmin_half,Environment 1
c9baf2c4d6454369a7a204c872e6f1b0,298.15,101.325,1,C1CCOCC1,1.0,0.8788100000000002,0.0,0.8889093810930622,0.00021833381314341504,0.0001019974984628975,0.007874015748031496,0.04821932532357388,0.0003454168669341697,-0.06630156972065727,0.0269161452805962,-0.1299693734920515,-0.004389839484670312,,,,,,,-0.01413586136047658,0.0006452662701547761,ether
efcc795e1d64433d8e9a6c1c9c5a299f,298.15,101.325,1,CCCCOCCCC,1.0,0.7640700000000002,0.0,0.7675946960215962,0.0001983670155077662,1.2423482044654647e-05,0.007874015748031496,0.04821932532357388,4.207240676435325e-05,-0.03913381410045612,0.014521417885955394,-0.053512786499694376,-0.004743493176312486,,,,,,,-0.0030913955259872384,8.211027368118955e-05,ether
34ae4b32490945aa8994d7ced26dbf30,298.15,101.325,1,COC(C)(C)C,1.0,0.7352700000000002,0.0,0.7484492049224732,0.00022763256667182366,0.00017369144238853768,0.007874015748031496,0.04821932532357388,0.0005882100516901361,-0.15019022984491875,0.05149978851455258,-0.17706680209725856,-0.006712220956768289,,,,,,,-0.01852421218757005,-0.00151795763827521,ether
2c5bfd43a3594e59924cefca8964d47d,298.15,101.325,1,CC(C)OC(C)C,1.0,0.7184600000000002,0.0,0.7356915013043833,0.0002221754364289312,0.0002969246372029569,0.007874015748031496,0.04821932532357388,0.0010055420911672503,-0.270057191458218,0.062302911412178086,-0.2191092870688811,-0.01441358234963518,,,,,,,-0.018253886417271697,-0.00463152971103828,ether
a586bf1dde484f718e6a2147ec6819ce,298.15,101.325,1,C1COCCO1,1.0,1.02787,0.0,1.0721236932984108,0.0002894679715805202,0.001958389370549807,0.007874015748031496,0.04821932532357388,0.006632130501304047,,,-0.5044456368823069,0.04331447006275112,,,,,,,-0.13754798260188547,0.03537641165728695,ether
