Id,Temperature (K),Pressure (kPa),N Components,Component 1,Mole Fraction 1,Component 2,Mole Fraction 2,Reference EnthalpyOfMixing Value (kJ / mol),Reference EnthalpyOfMixing Uncertainty (kJ / mol),Estimated EnthalpyOfMixing Value (kJ / mol),Estimated EnthalpyOfMixing Uncertainty (kJ / mol),Environment 1,Environment 2
6c7b20929b414bbc9e5a029cb06ded54,298.15,101.0,2,C1CCOCC1,0.5,CCCCCC(C)=O,0.5,0.05773,0.0,0.3188468932292068,0.04193706606011449,ether,ketone
2e87256adba34284a227775fbc551952,298.15,101.0,2,C1CCOCC1,0.25,CCCCCC(C)=O,0.75,0.03429,0.0,0.22779272904274706,0.04618610988489369,ether,ketone
f8a9799922fc47929d3c732dffa2bd99,298.15,101.0,2,C1CCOCC1,0.75,CCCCCC(C)=O,0.25,0.05587,0.0,0.3082470317826278,0.04279346199109684,ether,ketone
8f46dedd2c204f279942e375d0ad1bdd,298.15,101.3,2,C1COCCO1,0.25,CCCCCC(C)=O,0.75,0.2911,0.0,0.5338522419820038,0.04346431784596807,ether,ketone
4a44d37f871042d3abeb9d3168225e9f,298.15,101.3,2,C1COCCO1,0.5,CCCCCC(C)=O,0.5,0.4509,0.0,0.8672567843131134,0.042597439882992603,ether,ketone
83cbec235cae4b0ab225de6921531948,298.15,101.3,2,C1COCCO1,0.75,CCCCCC(C)=O,0.25,0.4064,0.0,0.7622279116441035,0.04429628741753004,ether,ketone
