Id,Temperature (K),Pressure (kPa),N Components,Component 1,Mole Fraction 1,Component 2,Mole Fraction 2,Reference ExcessMolarVolume Value (cm ** 3 / mol),Reference ExcessMolarVolume Uncertainty (cm ** 3 / mol),Estimated ExcessMolarVolume Value (cm ** 3 / mol),Estimated ExcessMolarVolume Uncertainty (cm ** 3 / mol),Environment 1,Environment 2
a83973295f15419b8ea669fa1f6a1c41,298.15,101.0,2,C1COCCO1,0.7659999999999999,CCC(C)=O,0.23399999999999999,0.012583807965423688,0.0,-0.2671665327907768,0.030387188057011252,ether,ketone
8eb4d33ac25b4a38b87a0b595ca93078,298.15,101.0,2,C1COCCO1,0.2597,CCC(C)=O,0.7403,-0.0005952238494018048,0.0,-0.45284928566924937,0.03778913017241898,ether,ketone
4e1af97cff2f4392a2d7ebce0a04e4d2,298.15,101.0,2,C1COCCO1,0.4501,CCC(C)=O,0.5499,-0.053261207015793836,0.0,-0.5674428009946033,0.032549110106459604,ether,ketone
4b625e2e6b7f45f8909d857c7a9fb498,298.15,101.3,2,C1COCCO1,0.2203,CCCCCC(C)=O,0.7797,0.13329569655994078,0.0,-0.10826670552484152,0.041928494067920354,ether,ketone
3a798b5c64df49f0a184f81ba7d0b260,298.15,101.3,2,C1COCCO1,0.7803,CCCCCC(C)=O,0.2197,0.17270259374270935,0.0,0.009223387882952065,0.02824549916878821,ether,ketone
41730a2783e04d1583cb1acf155a172f,298.15,101.3,2,C1COCCO1,0.5006,CCCCCC(C)=O,0.4994,0.2050424592995057,0.0,-0.12345586332530535,0.03592273918845133,ether,ketone
