Id,Temperature (K),Pressure (kPa),N Components,Component 1,Mole Fraction 1,Reference Density Value (g / ml),Reference Density Uncertainty (g / ml),Estimated Density Value (g / ml),Estimated Density Uncertainty (g / ml),Delta^2,Weight,Denom,Term,d Term / d [#1:1]-[#6X4] epsilon,d Term / d [#1:1]-[#6X4] rmin_half,d Term / d [#6X4:1] epsilon,d Term / d [#6X4:1] rmin_half,d Term / d [#8X2H1+0:1] epsilon,d Term / d [#8X2H1+0:1] rmin_half,d Term / d [#6:1] epsilon,d Term / d [#6:1] rmin_half,d Term / d [#8:1] epsilon,d Term / d [#8:1] rmin_half,d Term / d [#8X2H0+0:1] epsilon,d Term / d [#8X2H0+0:1] rmin_half,Environment 1
0b24264e4f7041f1b0599746a6bcbe94,298.15,101.325,1,O=C1CCCCCC1,1.0,0.9476200000000002,0.0,0.9325785940916889,0.00021707105034685767,0.00022624389169858443,0.03571428571428571,0.04821932532357388,0.0034751741433524056,-0.21021528884482263,-0.28146811399610194,0.7671925343958741,0.029001171180816233,,,0.1267517552479907,0.007700986037634665,0.03368738654007832,-0.06984020067388393,,,ketone
a5717fa9521e409f9a64b296b86f1259,298.15,101.325,1,O=C1CCCCC1,1.0,0.9430000000000002,0.0,0.9248049300787164,0.00022300089506935845,0.00033106056944040373,0.03571428571428571,0.04821932532357388,0.005085189801877921,0.4310471231068298,-0.31297461594501624,0.9952213221650643,0.03197135550018754,,,0.21042125019919802,0.0224755084879526,0.06622311813682195,-0.08648170675076286,,,ketone
7bd17fead51341e48da1d3a641e5f6c2,298.15,101.325,1,CCCC(C)=O,1.0,0.8019900000000002,0.0,0.7729256857240421,0.0002309813568477595,0.0008447343643316632,0.03571428571428571,0.04821932532357388,0.012975373606274446,3.2429701282786234,-0.3345021915503819,1.4749089761277285,0.07325930158453538,,,0.38033797889791726,0.0455692874610625,0.11795314071143677,-0.11964643624918392,,,ketone
11a3bedec99f4bdeb7a86cb925bace53,298.15,101.325,1,O=C1CCCC1,1.0,0.9453,0.0,0.9178413225447419,0.0002496200661385271,0.0007539789675918993,0.03571428571428571,0.04821932532357388,0.011581343448148013,0.36154112918021,-0.500067904961694,1.5292472283680685,0.02779007933638424,,,0.3972537105642319,0.0334958198094449,0.13030576194736143,-0.14870804258106007,,,ketone
