Id,Temperature (K),Pressure (kPa),N Components,Component 1,Mole Fraction 1,Reference Density Value (g / ml),Reference Density Uncertainty (g / ml),Estimated Density Value (g / ml),Estimated Density Uncertainty (g / ml),Delta^2,Weight,Denom,Term,d Term / d [#1:1]-[#6X4] epsilon,d Term / d [#1:1]-[#6X4] rmin_half,d Term / d [#6X4:1] epsilon,d Term / d [#6X4:1] rmin_half,d Term / d [#8X2H1+0:1] epsilon,d Term / d [#8X2H1+0:1] rmin_half,d Term / d [#6:1] epsilon,d Term / d [#6:1] rmin_half,d Term / d [#8:1] epsilon,d Term / d [#8:1] rmin_half,d Term / d [#8X2H0+0:1] epsilon,d Term / d [#8X2H0+0:1] rmin_half,Environment 1
6bce57dafd0a4f7db22c97be283f7072,298.15,101.325,1,CCCCCC,1.0,0.6549610000000001,0.0,0.6341073994301446,0.0002304576890408818,0.00043487265672707864,0.03571428571428571,0.04821932532357388,0.006679774649219252,2.7134302481238124,-0.3582083295910961,1.616974429990251,0.14366021064762946,,,,,,,,,alkane
98dfde7944bf44bea8000f1e4d6ea8e4,298.15,101.325,1,CC(C)CC(C)(C)C,1.0,0.6877900000000001,0.0,0.705304962114548,0.0002113448860464733,0.0003067738978740461,0.03571428571428571,0.04821932532357388,0.004712139230559332,-1.6685094675159502,0.2877808793045323,-1.1431462985789214,-0.08645770628702763,,,,,,,,,alkane
6592c1fb6333488eb660fc3dafe00290,298.15,101.325,1,CC1CCCCC1,1.0,0.7667000000000003,0.0,0.7674332166472191,0.0002094069687063495,5.376066517588003e-07,0.03571428571428571,0.04821932532357388,8.257799675650352e-06,-0.026047997511886543,0.016173850404169292,-0.05509740367407388,-0.00428894991796943,,,,,,,,,alkane
87ff75ca440e4c8c8fe9335cb745f360,298.15,101.325,1,CCCCCCC,1.0,0.6796000000000002,0.0,0.665699129193016,0.00022450885657653187,0.00019323420919246587,0.03571428571428571,0.04821932532357388,0.0029681355034833355,1.5427066739988138,-0.25327711812928194,1.0790592656908833,0.09971507199701792,,,,,,,,,alkane
7adf507e0d3b42bf93a24110e357fafe,298.15,101.325,1,CCCCCCCCCC,1.0,0.7261500000000002,0.0,0.7248682726058318,0.0001790877436404323,1.642825112961795e-06,0.03571428571428571,0.04821932532357388,2.5234287262972083e-05,0.11405613837445096,-0.023828560692637387,0.09540967717685164,0.008079461439608098,,,,,,,,,alkane
de7cf3d0de5741e5a35a443a439861e9,298.15,101.325,1,C1CCCCC1,1.0,0.7737800000000001,0.0,0.7598684833386365,0.00023703476050683582,0.0001935302958193967,0.03571428571428571,0.04821932532357388,0.0029726834830216,0.9685401721664225,-0.29707082250162736,1.1513814565891178,0.09863477317913318,,,,,,,,,alkane
