Id,Temperature (K),Pressure (kPa),N Components,Component 1,Mole Fraction 1,Reference EnthalpyOfVaporization Value (kJ / mol),Reference EnthalpyOfVaporization Uncertainty (kJ / mol),Estimated EnthalpyOfVaporization Value (kJ / mol),Estimated EnthalpyOfVaporization Uncertainty (kJ / mol),Delta^2,Weight,Denom,Term,d Term / d [#1:1]-[#6X4] epsilon,d Term / d [#1:1]-[#6X4] rmin_half,d Term / d [#6:1] epsilon,d Term / d [#6:1] rmin_half,d Term / d [#6X4:1] epsilon,d Term / d [#6X4:1] rmin_half,d Term / d [#8:1] epsilon,d Term / d [#8:1] rmin_half,d Term / d [#8X2H1+0:1] epsilon,d Term / d [#8X2H1+0:1] rmin_half,d Term / d [#8X2H0+0:1] epsilon,d Term / d [#8X2H0+0:1] rmin_half,Environment 1
44a094a1c4fb45fe88e49b08ac11c15e,298.15,101.325,1,C1CCCCC1,1.0,33.02,0.0,33.10270790304656,0.285861432660577,0.006840597226358187,0.03571428571428571,25.6831695776047,3.703725145195085e-07,-0.008429687881933053,0.00027785471381528467,,,-0.003419428635269734,-0.0005954028461380292,,,,,,,alkane
a47bd2a5b343439293299dfb113ab2b6,298.15,101.325,1,CCCCCC,1.0,31.55,0.0,29.815787311069048,0.2088524508474314,3.007493650449125,0.03571428571428571,25.6831695776047,0.0001628356339160338,0.21079336994613646,-0.0035590134714916684,,,0.0682760537506153,0.0129372536797009,,,,,,,alkane
5f2588d518fa4b3ca770debd4539df1c,298.15,101.325,1,CC1CCCCC1,1.0,35.38,0.0,36.90743714090595,0.29061831817555556,2.333064219418929,0.03571428571428571,25.6831695776047,0.00012631979824102524,-0.17078573422686488,0.005266761464521252,,,-0.06664049410839244,-0.011139165864736358,,,,,,,alkane
bdd784a45f7845ffb86c69f7c9491f41,298.15,101.325,1,CCCCCCC,1.0,36.58,0.0,35.503295553113084,0.33669233661300096,1.1592924659460564,0.03571428571428571,25.6831695776047,6.276792090923201e-05,0.14747797982444963,-0.003362468902185948,,,0.05033785541092871,0.008850630093598941,,,,,,,alkane
cf2c1c4f97df47efa288e70af17dea0e,298.15,101.325,1,CC(C)CC(C)(C)C,1.0,35.13,0.0,37.817902508558554,0.2703503585113364,7.224819895515352,0.03571428571428571,25.6831695776047,0.0003911755981395768,-0.41062782937057174,0.00450019826250685,,,-0.12395686358455849,-0.023867275706341656,,,,,,,alkane
deb81810e4c64cda9c8da9d9664747d2,298.15,101.325,1,CCCCCCCCCC,1.0,51.35,0.0,53.5374769292954,0.3816033459045902,4.7850553161996325,0.03571428571428571,25.6831695776047,0.0002590786901978317,-0.4322067368041431,0.008229470678455149,,,-0.15138883573525766,-0.029586875035557538,,,,,,,alkane
