Id,Temperature (K),Pressure (kPa),N Components,Component 1,Mole Fraction 1,Reference Density Value (g / ml),Reference Density Uncertainty (g / ml),Estimated Density Value (g / ml),Estimated Density Uncertainty (g / ml),Delta^2,Weight,Denom,Term,d Term / d [#1:1]-[#6X4] epsilon,d Term / d [#1:1]-[#6X4] rmin_half,d Term / d [#6X4:1] epsilon,d Term / d [#6X4:1] rmin_half,d Term / d [#8X2H1+0:1] epsilon,d Term / d [#8X2H1+0:1] rmin_half,d Term / d [#6:1] epsilon,d Term / d [#6:1] rmin_half,d Term / d [#8:1] epsilon,d Term / d [#8:1] rmin_half,d Term / d [#8X2H0+0:1] epsilon,d Term / d [#8X2H0+0:1] rmin_half,Environment 1
c9baf2c4d6454369a7a204c872e6f1b0,298.15,101.325,1,C1CCOCC1,1.0,0.8788100000000002,0.0,0.9025072171270946,0.00027352407841374976,0.0005615580995686554,0.007874015748031496,0.04821932532357388,0.0019017293784422604,-0.1610273890557931,0.08368676939892965,-0.3249615081240204,-0.021574235416378644,,,,,,,-0.031353013661829646,0.006642128886075891,ether
efcc795e1d64433d8e9a6c1c9c5a299f,298.15,101.325,1,CCCCOCCCC,1.0,0.7640700000000002,0.0,0.7778855161722991,0.00019117327926361215,0.00019086848710705008,0.007874015748031496,0.04821932532357388,0.0006463805074294497,-0.13709462983316517,0.06271875935677393,-0.18890746015231336,-0.02208876317662646,,,,,,,-0.010636114851680107,0.0006224708580759573,ether
34ae4b32490945aa8994d7ced26dbf30,298.15,101.325,1,COC(C)(C)C,1.0,0.7352700000000002,0.0,0.7622179348370035,0.00022298905379313584,0.0007261911919793765,0.007874015748031496,0.04821932532357388,0.002459263120261241,-0.28362871833456976,0.11034232511926659,-0.3213499767362663,-0.02351594858869092,,,,,,,-0.032423599865392866,0.0016111606756929395,ether
2c5bfd43a3594e59924cefca8964d47d,298.15,101.325,1,CC(C)OC(C)C,1.0,0.7184600000000002,0.0,0.7473945047067267,0.00021621975612527,0.0008372055626235801,0.007874015748031496,0.04821932532357388,0.0028352158315577657,-0.45497317421382266,0.13015883405177306,-0.389931243824449,-0.052189678153685026,,,,,,,-0.031916059810369456,-0.006479644876330108,ether
a586bf1dde484f718e6a2147ec6819ce,298.15,101.325,1,C1COCCO1,1.0,1.02787,0.0,1.097811380778842,0.0003244981211705383,0.004891796745250975,0.007874015748031496,0.04821932532357388,0.016566181826880855,,,-0.656308003556671,0.08123519108099497,,,,,,,-0.19020461054393997,0.0574403202236385,ether
