Id,Temperature (K),Pressure (kPa),N Components,Component 1,Mole Fraction 1,Reference Density Value (g / ml),Reference Density Uncertainty (g / ml),Estimated Density Value (g / ml),Estimated Density Uncertainty (g / ml),Delta^2,Weight,Denom,Term,d Term / d [#1:1]-[#6X4] epsilon,d Term / d [#1:1]-[#6X4] rmin_half,d Term / d [#6X4:1] epsilon,d Term / d [#6X4:1] rmin_half,d Term / d [#8X2H1+0:1] epsilon,d Term / d [#8X2H1+0:1] rmin_half,d Term / d [#6:1] epsilon,d Term / d [#6:1] rmin_half,d Term / d [#8:1] epsilon,d Term / d [#8:1] rmin_half,d Term / d [#8X2H0+0:1] epsilon,d Term / d [#8X2H0+0:1] rmin_half,Environment 1
6bce57dafd0a4f7db22c97be283f7072,298.15,101.325,1,CCCCCC,1.0,0.6549610000000001,0.0,0.6334676889458786,0.00027087358019531804,0.0004619624200692239,0.03571428571428571,0.04821932532357388,0.0070958815523023185,3.76255819302753,-0.4126501475919432,1.9928341254808892,0.18068559963691475,,,,,,,,,alkane
98dfde7944bf44bea8000f1e4d6ea8e4,298.15,101.325,1,CC(C)CC(C)(C)C,1.0,0.6877900000000001,0.0,0.7059962877511565,0.00019544501899260904,0.00033146891367790766,0.03571428571428571,0.04821932532357388,0.005091462092038362,-2.2670883998588165,0.28649004097390807,-1.3106986795057076,-0.13515855681848976,,,,,,,,,alkane
6592c1fb6333488eb660fc3dafe00290,298.15,101.325,1,CC1CCCCC1,1.0,0.7667000000000003,0.0,0.7672375315254611,0.00025550410995928396,2.8894014086429746e-07,0.03571428571428571,0.04821932532357388,4.438207365376976e-06,-0.04832804906321459,0.011908202747468816,-0.04608560366231262,-0.0028569820536745423,,,,,,,,,alkane
87ff75ca440e4c8c8fe9335cb745f360,298.15,101.325,1,CCCCCCC,1.0,0.6796000000000002,0.0,0.6651745536018503,0.0002461255657537534,0.00020809350378589623,0.03571428571428571,0.04821932532357388,0.0031963787323805006,2.4749241697114175,-0.23070506213183167,1.2879262454019742,0.16043985544887518,,,,,,,,,alkane
7adf507e0d3b42bf93a24110e357fafe,298.15,101.325,1,CCCCCCCCCC,1.0,0.7261500000000002,0.0,0.7250385342887636,0.0001706389374582752,1.235356027254565e-06,0.03571428571428571,0.04821932532357388,1.8975439697037688e-05,0.08788147297658314,-0.021049228287324723,0.07979771148136869,0.005992549769997057,,,,,,,,,alkane
de7cf3d0de5741e5a35a443a439861e9,298.15,101.325,1,C1CCCCC1,1.0,0.7737800000000001,0.0,0.7591825269473027,0.00025461036487020437,0.0002130862195242276,0.03571428571428571,0.04821932532357388,0.0032730683460036303,1.8913916030306388,-0.31040909727997107,1.4572326097093213,0.15416550087715009,,,,,,,,,alkane
