Id,Temperature (K),Pressure (kPa),N Components,Component 1,Mole Fraction 1,Reference EnthalpyOfVaporization Value (kJ / mol),Reference EnthalpyOfVaporization Uncertainty (kJ / mol),Estimated EnthalpyOfVaporization Value (kJ / mol),Estimated EnthalpyOfVaporization Uncertainty (kJ / mol),Delta^2,Weight,Denom,Term,d Term / d [#1:1]-[#6X4] epsilon,d Term / d [#1:1]-[#6X4] rmin_half,d Term / d [#6:1] epsilon,d Term / d [#6:1] rmin_half,d Term / d [#6X4:1] epsilon,d Term / d [#6X4:1] rmin_half,d Term / d [#8:1] epsilon,d Term / d [#8:1] rmin_half,d Term / d [#8X2H1+0:1] epsilon,d Term / d [#8X2H1+0:1] rmin_half,d Term / d [#8X2H0+0:1] epsilon,d Term / d [#8X2H0+0:1] rmin_half,Environment 1
44a094a1c4fb45fe88e49b08ac11c15e,298.15,101.325,1,C1CCCCC1,1.0,33.02,0.0,31.994188876696217,0.2710014069584233,1.052288460693775,0.03571428571428571,25.6831695776047,5.6974370846638256e-05,0.10909811822808385,-0.00398629132829749,,,0.044343793975327096,0.007029240520077805,,,,,,,alkane
a47bd2a5b343439293299dfb113ab2b6,298.15,101.325,1,CCCCCC,1.0,31.55,0.0,28.81520561938289,0.3011074833983523,7.479100304254923,0.03571428571428571,25.6831695776047,0.0004049431788436467,0.4128307860676785,-0.0027494604566571305,,,0.11691351111612308,0.021673563441188003,,,,,,,alkane
5f2588d518fa4b3ca770debd4539df1c,298.15,101.325,1,CC1CCCCC1,1.0,35.38,0.0,35.78833558102455,0.22763362327057965,0.1667379467306528,0.03571428571428571,25.6831695776047,9.027742834864887e-06,-0.049370823404323465,0.0013154444695372503,,,-0.01858946523857858,-0.0031673968831360945,,,,,,,alkane
bdd784a45f7845ffb86c69f7c9491f41,298.15,101.325,1,CCCCCCC,1.0,36.58,0.0,33.87675667761848,0.33209149410192534,7.307524460000265,0.03571428571428571,25.6831695776047,0.00039565349626702226,0.4756827784818585,0.0014522346664105855,,,0.13045151980363848,0.028984955325023955,,,,,,,alkane
cf2c1c4f97df47efa288e70af17dea0e,298.15,101.325,1,CC(C)CC(C)(C)C,1.0,35.13,0.0,36.15492717147783,0.3445290581435323,1.0504757068335397,0.03571428571428571,25.6831695776047,5.687622236877829e-05,-0.15449588891564414,0.0011215333525148848,,,-0.04530854597851108,-0.009292932579123647,,,,,,,alkane
deb81810e4c64cda9c8da9d9664747d2,298.15,101.325,1,CCCCCCCCCC,1.0,51.35,0.0,51.723957207209146,0.4048113639036779,0.13984399282366328,0.03571428571428571,25.6831695776047,7.571615393897804e-06,-0.0783057460691211,0.0012751219493363625,,,-0.025915369695311465,-0.004732935100299897,,,,,,,alkane
