Id,Temperature (K),Pressure (kPa),N Components,Component 1,Mole Fraction 1,Reference Density Value (g / ml),Reference Density Uncertainty (g / ml),Estimated Density Value (g / ml),Estimated Density Uncertainty (g / ml),Delta^2,Weight,Denom,Term,d Term / d [#1:1]-[#6X4] epsilon,d Term / d [#1:1]-[#6X4] rmin_half,d Term / d [#6X4:1] epsilon,d Term / d [#6X4:1] rmin_half,d Term / d [#8X2H1+0:1] epsilon,d Term / d [#8X2H1+0:1] rmin_half,d Term / d [#6:1] epsilon,d Term / d [#6:1] rmin_half,d Term / d [#8:1] epsilon,d Term / d [#8:1] rmin_half,d Term / d [#8X2H0+0:1] epsilon,d Term / d [#8X2H0+0:1] rmin_half,Environment 1
6bce57dafd0a4f7db22c97be283f7072,298.15,101.325,1,CCCCCC,1.0,0.6549610000000001,0.0,0.637735535189119,0.00021439918119735605,0.00029671663795090525,0.007874015748031496,0.04821932532357388,0.001004837696931597,0.4799071254494118,-0.06471231396874311,0.27742622213936546,0.032176594255582586,,,,,,,,,alkane
98dfde7944bf44bea8000f1e4d6ea8e4,298.15,101.325,1,CC(C)CC(C)(C)C,1.0,0.6877900000000001,0.0,0.7038489580286662,0.00017504819684579517,0.0002578901329664588,0.007874015748031496,0.04821932532357388,0.0008733508476672508,-0.13506357508320388,0.08191165530759127,-0.20243246324404268,-0.006596871999682592,,,,,,,,,alkane
6592c1fb6333488eb660fc3dafe00290,298.15,101.325,1,CC1CCCCC1,1.0,0.7667000000000003,0.0,0.7633546712891188,0.00021816986229818697,1.1191224183847715e-05,0.007874015748031496,0.04821932532357388,3.7899337268048265e-05,0.041280730358137924,-0.017657820277704635,0.0566334324768707,0.005638483242074118,,,,,,,,,alkane
87ff75ca440e4c8c8fe9335cb745f360,298.15,101.325,1,CCCCCCC,1.0,0.6796000000000002,0.0,0.666857599003055,0.00021708655032976165,0.00016236878316695094,0.007874015748031496,0.04821932532357388,0.0005498656066535117,0.19755638144646984,-0.05549738386099717,0.17328753882884068,0.01155876954760445,,,,,,,,,alkane
7adf507e0d3b42bf93a24110e357fafe,298.15,101.325,1,CCCCCCCCCC,1.0,0.7261500000000002,0.0,0.7219847640158441,0.00018040822047184175,1.734919080370866e-05,0.007874015748031496,0.04821932532357388,5.8753432403443256e-05,0.06242466880751967,-0.018196415227711413,0.06104223339251412,0.006341820741388187,,,,,,,,,alkane
de7cf3d0de5741e5a35a443a439861e9,298.15,101.325,1,C1CCCCC1,1.0,0.7737800000000001,0.0,0.7570919163592488,0.0002625731523372636,0.0002784921356007132,0.007874015748031496,0.04821932532357388,0.000943120001908639,0.2283115922285623,-0.08129130306139633,0.2674572177965884,0.022642744985472973,,,,,,,,,alkane
