Id,Temperature (K),Pressure (kPa),N Components,Component 1,Mole Fraction 1,Reference Density Value (g / ml),Reference Density Uncertainty (g / ml),Estimated Density Value (g / ml),Estimated Density Uncertainty (g / ml),Delta^2,Weight,Denom,Term,d Term / d [#1:1]-[#6X4] epsilon,d Term / d [#1:1]-[#6X4] rmin_half,d Term / d [#6X4:1] epsilon,d Term / d [#6X4:1] rmin_half,d Term / d [#8X2H1+0:1] epsilon,d Term / d [#8X2H1+0:1] rmin_half,d Term / d [#6:1] epsilon,d Term / d [#6:1] rmin_half,d Term / d [#8:1] epsilon,d Term / d [#8:1] rmin_half,d Term / d [#8X2H0+0:1] epsilon,d Term / d [#8X2H0+0:1] rmin_half,Environment 1
0b24264e4f7041f1b0599746a6bcbe94,298.15,101.325,1,O=C1CCCCCC1,1.0,0.9476200000000002,0.0,0.9199661996139609,0.00019641160000734062,0.0007647326757909114,0.007874015748031496,0.04821932532357388,0.002589784738789141,0.0446164247012345,-0.14135047896403566,0.3267808851664367,0.014262151710336866,,,0.056633485431249506,0.0039335348493416,0.01574806563192037,-0.033786535950137336,,,ketone
a5717fa9521e409f9a64b296b86f1259,298.15,101.325,1,O=C1CCCCC1,1.0,0.9430000000000002,0.0,0.9121588632336536,0.00022636447900442827,0.0009511757170404953,0.007874015748031496,0.04821932532357388,0.0032211783723647305,0.2450232744990093,-0.13689937235298835,0.3910109819215627,0.03201966400722599,,,0.08130941851481892,0.008426815878444656,0.029945712374747833,-0.02660135213369357,,,ketone
7bd17fead51341e48da1d3a641e5f6c2,298.15,101.325,1,CCCC(C)=O,1.0,0.8019900000000002,0.0,0.7705798682484314,0.00026509441794835253,0.0009865963766509114,0.007874015748031496,0.04821932532357388,0.0033411312481876816,0.5637828703708356,-0.12407854337729657,0.37455998690245423,0.023764054855551376,,,0.09129017048957701,0.008836116745963319,0.03511402246492925,-0.025180247263374325,,,ketone
11a3bedec99f4bdeb7a86cb925bace53,298.15,101.325,1,O=C1CCCC1,1.0,0.9453,0.0,0.905075768957089,0.00023699627695893878,0.0016179887629934901,0.007874015748031496,0.04821932532357388,0.005479356039807212,0.15317949731337277,-0.20180676041158427,0.49646839602982795,0.016354944850660278,,,0.1294081500993192,0.008667726101039658,0.04326958139707961,-0.057118848358645766,,,ketone
