Id,Temperature (K),Pressure (kPa),N Components,Component 1,Mole Fraction 1,Reference Density Value (g / ml),Reference Density Uncertainty (g / ml),Estimated Density Value (g / ml),Estimated Density Uncertainty (g / ml),Delta^2,Weight,Denom,Term,d Term / d [#1:1]-[#6X4] epsilon,d Term / d [#1:1]-[#6X4] rmin_half,d Term / d [#6X4:1] epsilon,d Term / d [#6X4:1] rmin_half,d Term / d [#8X2H1+0:1] epsilon,d Term / d [#8X2H1+0:1] rmin_half,d Term / d [#6:1] epsilon,d Term / d [#6:1] rmin_half,d Term / d [#8:1] epsilon,d Term / d [#8:1] rmin_half,d Term / d [#8X2H0+0:1] epsilon,d Term / d [#8X2H0+0:1] rmin_half,Environment 1
c9baf2c4d6454369a7a204c872e6f1b0,298.15,101.325,1,C1CCOCC1,1.0,0.8788100000000002,0.0,0.8877781670094533,0.00031646437274233155,8.042801950944354e-05,0.007874015748031496,0.04821932532357388,0.0002723713319574981,-0.06085019367987596,0.026228189343960852,-0.13402994582617658,-0.004420029250712942,,,,,,,-0.014649322528794898,-0.0004467641072785828,ether
efcc795e1d64433d8e9a6c1c9c5a299f,298.15,101.325,1,CCCCOCCCC,1.0,0.7640700000000002,0.0,0.7665290866185467,0.00019073009767127662,6.047106997514142e-06,0.007874015748031496,0.04821932532357388,2.0478666482755347e-05,-0.033297104723510454,0.01014989616486219,-0.04061911900362668,-0.00312685964082651,,,,,,,-0.002662563630782434,-0.0005327538445419291,ether
34ae4b32490945aa8994d7ced26dbf30,298.15,101.325,1,COC(C)(C)C,1.0,0.7352700000000002,0.0,0.7453086998465163,0.00027061832966350806,0.00010077549460844164,0.007874015748031496,0.04821932532357388,0.0003412785228654554,-0.17618296521707671,0.029937942157448903,-0.14063057547662242,-0.008394981695524713,,,,,,,-0.01571549890262456,-0.0031292552513994295,ether
2c5bfd43a3594e59924cefca8964d47d,298.15,101.325,1,CC(C)OC(C)C,1.0,0.7184600000000002,0.0,0.7333173418268853,0.00023792094059368283,0.00022074060616091067,0.007874015748031496,0.04821932532357388,0.0007475431234520615,-0.3811566307867574,0.043388292995908795,-0.22290242608884825,-0.022608602985494008,,,,,,,-0.018128506650951285,-0.004927011964154127,ether
a586bf1dde484f718e6a2147ec6819ce,298.15,101.325,1,C1COCCO1,1.0,1.02787,0.0,1.0670021269108572,0.0003727574798100835,0.0015313233565674266,0.007874015748031496,0.04821932532357388,0.005185861654058558,,,-0.4523637308171366,0.028915377405768387,,,,,,,-0.10920785211809622,0.042859218009362335,ether
