Id,Temperature (K),Pressure (kPa),N Components,Component 1,Mole Fraction 1,Reference Density Value (g / ml),Reference Density Uncertainty (g / ml),Estimated Density Value (g / ml),Estimated Density Uncertainty (g / ml),Delta^2,Weight,Denom,Term,d Term / d [#1:1]-[#6X4] epsilon,d Term / d [#1:1]-[#6X4] rmin_half,d Term / d [#6X4:1] epsilon,d Term / d [#6X4:1] rmin_half,d Term / d [#8X2H1+0:1] epsilon,d Term / d [#8X2H1+0:1] rmin_half,d Term / d [#6:1] epsilon,d Term / d [#6:1] rmin_half,d Term / d [#8:1] epsilon,d Term / d [#8:1] rmin_half,d Term / d [#8X2H0+0:1] epsilon,d Term / d [#8X2H0+0:1] rmin_half,Environment 1
6bce57dafd0a4f7db22c97be283f7072,298.15,101.325,1,CCCCCC,1.0,0.6549610000000001,0.0,0.650179622993945,0.0002242584087337448,2.2861566074032206e-05,0.03571428571428571,0.04821932532357388,0.0003511605228346431,0.5050930425237874,-0.08676141871118387,0.2931769649504995,0.04347734993038585,,,,,,,,,alkane
98dfde7944bf44bea8000f1e4d6ea8e4,298.15,101.325,1,CC(C)CC(C)(C)C,1.0,0.6877900000000001,0.0,0.7149507228145304,0.00018911914453077568,0.0007377048638077468,0.03571428571428571,0.04821932532357388,0.011331368325052682,-2.171092931987647,0.5285674613185453,-1.5077525937993919,-0.21937502106048484,,,,,,,,,alkane
6592c1fb6333488eb660fc3dafe00290,298.15,101.325,1,CC1CCCCC1,1.0,0.7667000000000003,0.0,0.7710818506053363,0.00020064086669259064,1.920061472748368e-05,0.03571428571428571,0.04821932532357388,0.0002949272103501398,-0.2803840048909844,0.10720875492996346,-0.3044645637943049,-0.04920458847935163,,,,,,,,,alkane
87ff75ca440e4c8c8fe9335cb745f360,298.15,101.325,1,CCCCCCC,1.0,0.6796000000000002,0.0,0.6769715775472966,0.0001979796880334457,6.9086045898762e-06,0.03571428571428571,0.04821932532357388,0.00010611824194294364,0.18790190302828846,-0.05903480177486143,0.1612300303147824,0.023696882295597344,,,,,,,,,alkane
7adf507e0d3b42bf93a24110e357fafe,298.15,101.325,1,CCCCCCCCCC,1.0,0.7261500000000002,0.0,0.7295317357793625,0.0001783452870960263,1.14361368814191e-05,0.03571428571428571,0.04821932532357388,0.0001756624980757221,-0.2526858793698858,0.0669365354512631,-0.19761433287246466,-0.029696014469949236,,,,,,,,,alkane
de7cf3d0de5741e5a35a443a439861e9,298.15,101.325,1,C1CCCCC1,1.0,0.7737800000000001,0.0,0.7666365327961513,0.0003082598161376789,5.102912369246398e-05,0.03571428571428571,0.04821932532357388,0.0007838226697861033,0.6665760316603017,-0.17567505461522473,0.5594803668931011,0.08708209281421146,,,,,,,,,alkane
