Id,Temperature (K),Pressure (kPa),N Components,Component 1,Mole Fraction 1,Reference Density Value (g / ml),Reference Density Uncertainty (g / ml),Estimated Density Value (g / ml),Estimated Density Uncertainty (g / ml),Delta^2,Weight,Denom,Term,d Term / d [#1:1]-[#6X4] epsilon,d Term / d [#1:1]-[#6X4] rmin_half,d Term / d [#6X4:1] epsilon,d Term / d [#6X4:1] rmin_half,d Term / d [#8X2H1+0:1] epsilon,d Term / d [#8X2H1+0:1] rmin_half,d Term / d [#6:1] epsilon,d Term / d [#6:1] rmin_half,d Term / d [#8:1] epsilon,d Term / d [#8:1] rmin_half,d Term / d [#8X2H0+0:1] epsilon,d Term / d [#8X2H0+0:1] rmin_half,Environment 1
0b24264e4f7041f1b0599746a6bcbe94,298.15,101.325,1,O=C1CCCCCC1,1.0,0.9476200000000002,0.0,0.9221525947064593,0.00019228360929839322,0.0006485887323854785,0.007874015748031496,0.04821932532357388,0.0021964606117363837,0.10157576998040001,-0.10411177850971871,0.2806667964610587,0.021890041826210616,,,0.05263279341773812,0.005757154496828684,0.015492688330534294,-0.025357457647673127,,,ketone
a5717fa9521e409f9a64b296b86f1259,298.15,101.325,1,O=C1CCCCC1,1.0,0.9430000000000002,0.0,0.9139154235954777,0.00022660232590301745,0.0008459125846305037,0.007874015748031496,0.04821932532357388,0.0028647023612009643,0.19392436360124968,-0.11434809719666014,0.32558039843015196,0.020691245154929372,,,0.06996479408406112,0.0071695266735323305,0.02494285978579662,-0.025691767516095722,,,ketone
7bd17fead51341e48da1d3a641e5f6c2,298.15,101.325,1,CCCC(C)=O,1.0,0.8019900000000002,0.0,0.7707323413002961,0.0002687805507645243,0.000977041227387187,0.007874015748031496,0.04821932532357388,0.0033087725161452027,0.47209133693212996,-0.12634455974602138,0.35123984505390243,0.013779977105568046,,,0.09269339658589401,0.012015984237691698,0.03604465489210428,-0.01545842558194706,,,ketone
11a3bedec99f4bdeb7a86cb925bace53,298.15,101.325,1,O=C1CCCC1,1.0,0.9453,0.0,0.9072512843205658,0.0002530956847360101,0.0014477047648544252,0.007874015748031496,0.04821932532357388,0.004902685376186811,0.14751901200540282,-0.18324188784288192,0.47543341801016814,0.019789193631813383,,,0.12507212191375383,0.011265877266965771,0.039575641261302676,-0.05300952781310724,,,ketone
