Id,Temperature (K),Pressure (kPa),N Components,Component 1,Mole Fraction 1,Reference EnthalpyOfVaporization Value (kJ / mol),Reference EnthalpyOfVaporization Uncertainty (kJ / mol),Estimated EnthalpyOfVaporization Value (kJ / mol),Estimated EnthalpyOfVaporization Uncertainty (kJ / mol),Delta^2,Weight,Denom,Term,d Term / d [#1:1]-[#6X4] epsilon,d Term / d [#1:1]-[#6X4] rmin_half,d Term / d [#6:1] epsilon,d Term / d [#6:1] rmin_half,d Term / d [#6X4:1] epsilon,d Term / d [#6X4:1] rmin_half,d Term / d [#8:1] epsilon,d Term / d [#8:1] rmin_half,d Term / d [#8X2H1+0:1] epsilon,d Term / d [#8X2H1+0:1] rmin_half,d Term / d [#8X2H0+0:1] epsilon,d Term / d [#8X2H0+0:1] rmin_half,Environment 1
6b2d2f277d7b470da67f79b461d1a009,298.16,101.325,1,O=C1CCCC1,1.0,42.63,0.0,42.366772055204265,0.1766608874087826,0.06928895092138772,0.03571428571428571,25.6831695776047,3.751532524424854e-06,0.019792586580235708,-0.0006246878954544964,0.002157273982689818,0.00032086143086921897,0.00821265815618747,0.0013664741500295215,0.0010925420221401952,-2.6761977296275607e-05,,,,,ketone
e8e70fcf04ee463a9671f8e8beb0cdba,298.15,101.325,1,CCCC(C)=O,1.0,38.43,0.0,39.77927271166143,0.24796032861185868,1.820536850434182,0.03571428571428571,25.6831695776047,9.856987464085899e-05,-0.11374833439073415,0.0020545484780935047,-0.00984329753440784,-0.001886706389944452,-0.035736600101002776,-0.006049432730548835,-0.004560454909648153,-0.000187651795329938,,,,,ketone
ccb77d44c1e74368bbfd37152c26ea21,298.16,101.325,1,O=C1CCCCC1,1.0,44.89,0.0,47.40545648285864,0.201851134713598,6.327521317155553,0.03571428571428571,25.6831695776047,0.0003425928911412248,-0.23547427480922067,0.00614991175763563,-0.020346162173855,-0.003423654536624736,-0.09555135933128772,-0.01801969929792971,-0.01035809539395798,2.5001456307705695e-05,,,,,ketone
306e2ef66008434a91f82d02cf6e6983,298.16,101.325,1,O=C1CCCCCC1,1.0,49.54,0.0,52.18117179181721,0.28912813575604024,6.975788433890955,0.03571428571428571,25.6831695776047,0.0003776922127589993,-0.26855453274680796,0.008915616660872018,-0.01927628500053467,-0.002751774779725474,-0.11174359202850016,-0.01987947268831276,-0.00996917651643648,0.0012189372782056638,,,,,ketone
