Id,Temperature (K),Pressure (kPa),N Components,Component 1,Mole Fraction 1,Reference EnthalpyOfVaporization Value (kJ / mol),Reference EnthalpyOfVaporization Uncertainty (kJ / mol),Estimated EnthalpyOfVaporization Value (kJ / mol),Estimated EnthalpyOfVaporization Uncertainty (kJ / mol),Environment 1
88cec6c9ea9e45b9a165593f7f35b321,293.25,101.325,1,COC=O,1.0,28.7187400224,0.0,37.72653264531882,0.16128530423029977,ester
a2d4c9f179a443b1a7e29dfbc32c656f,298.15,101.325,1,CC(=O)O,1.0,51.6,0.0,53.816262883680885,0.24302960547559485,ester
70566af0dd304cbfafae63566d5e5ac1,298.15,101.325,1,CCOC(C)=O,1.0,35.62,0.0,41.6355450179226,0.2365972341545359,ester
674c8b83f0be43ceb3e12abd123887a7,313.15,101.325,1,CCCCOC(C)=O,1.0,42.96,0.0,49.39421643029039,0.2305530439051247,ester
dd9241fb705144fb94c88bbbd69d3a18,298.15,101.325,1,CCCOC(C)=O,1.0,39.83,0.0,46.049261488174515,0.26336636695938137,ester
