Id,Temperature (K),Pressure (kPa),N Components,Component 1,Mole Fraction 1,Reference Density Value (g / ml),Reference Density Uncertainty (g / ml),Estimated Density Value (g / ml),Estimated Density Uncertainty (g / ml),Delta^2,Weight,Denom,Term,d Term / d [#1:1]-[#6X4] epsilon,d Term / d [#1:1]-[#6X4] rmin_half,d Term / d [#6X4:1] epsilon,d Term / d [#6X4:1] rmin_half,d Term / d [#8X2H1+0:1] epsilon,d Term / d [#8X2H1+0:1] rmin_half,d Term / d [#6:1] epsilon,d Term / d [#6:1] rmin_half,d Term / d [#8:1] epsilon,d Term / d [#8:1] rmin_half,d Term / d [#8X2H0+0:1] epsilon,d Term / d [#8X2H0+0:1] rmin_half,Environment 1
0b24264e4f7041f1b0599746a6bcbe94,298.15,101.325,1,O=C1CCCCCC1,1.0,0.9476200000000002,0.0,0.9196981414054389,0.00039368211114876637,0.0007796301873746773,0.007874015748031496,0.04821932532357388,0.0026402355033071723,0.4055351867668625,-0.10478851215668979,0.37215986502975457,0.040886285287192604,,,0.063865692695787,0.007446540465116191,0.02200885143236411,-0.02866517336049476,,,ketone
a5717fa9521e409f9a64b296b86f1259,298.15,101.325,1,O=C1CCCCC1,1.0,0.9430000000000002,0.0,0.9107978350013097,0.00019833808079048845,0.0010369794306028838,0.007874015748031496,0.04821932532357388,0.0035117546154754195,0.07834067350935865,-0.1461147733253364,0.35337133748792093,0.01889967036403772,,,0.07317680880945705,0.004081268203535787,0.024370995909049814,-0.03851176059627313,,,ketone
7bd17fead51341e48da1d3a641e5f6c2,298.15,101.325,1,CCCC(C)=O,1.0,0.8019900000000002,0.0,0.7700874298462185,0.00020475798404974834,0.0010177739824169646,0.007874015748031496,0.04821932532357388,0.003446714924890657,0.41243818655733205,-0.10555105289304287,0.30048761776320326,0.018109962959055387,,,0.07514241357476932,0.00833172380750008,0.026820935940349473,-0.022809526188428277,,,ketone
11a3bedec99f4bdeb7a86cb925bace53,298.15,101.325,1,O=C1CCCC1,1.0,0.9453,0.0,0.90486314188638,0.0002479988306772861,0.0016351394941010418,0.007874015748031496,0.04821932532357388,0.005537437383899743,0.0023147306055510204,-0.22270939855718908,0.49847333383159736,0.01326743910133511,,,0.12843734940048357,0.010653938980562553,0.03879732141549039,-0.06151363808576713,,,ketone
