Id,Temperature (K),Pressure (kPa),N Components,Component 1,Mole Fraction 1,Reference EnthalpyOfVaporization Value (kJ / mol),Reference EnthalpyOfVaporization Uncertainty (kJ / mol),Estimated EnthalpyOfVaporization Value (kJ / mol),Estimated EnthalpyOfVaporization Uncertainty (kJ / mol),Delta^2,Weight,Denom,Term,d Term / d [#1:1]-[#6X4] epsilon,d Term / d [#1:1]-[#6X4] rmin_half,d Term / d [#6:1] epsilon,d Term / d [#6:1] rmin_half,d Term / d [#6X4:1] epsilon,d Term / d [#6X4:1] rmin_half,d Term / d [#8:1] epsilon,d Term / d [#8:1] rmin_half,d Term / d [#8X2H1+0:1] epsilon,d Term / d [#8X2H1+0:1] rmin_half,d Term / d [#8X2H0+0:1] epsilon,d Term / d [#8X2H0+0:1] rmin_half,Environment 1
44a094a1c4fb45fe88e49b08ac11c15e,298.15,101.325,1,C1CCCCC1,1.0,33.02,0.0,31.776813493793778,0.19572500362794942,1.5455126892132405,0.03571428571428571,25.6831695776047,8.367915870270576e-05,0.1365637236953358,-0.002481662058068909,,,0.05250239021328597,0.010643853154056498,,,,,,,alkane
a47bd2a5b343439293299dfb113ab2b6,298.15,101.325,1,CCCCCC,1.0,31.55,0.0,29.342561873919056,0.3144378427637016,4.872783080475752,0.03571428571428571,25.6831695776047,0.00026382856094346244,0.24401520823090916,-0.008340454712247116,,,0.09136981894444629,0.01589534410210631,,,,,,,alkane
5f2588d518fa4b3ca770debd4539df1c,298.15,101.325,1,CC1CCCCC1,1.0,35.38,0.0,35.724794125136846,0.3378755974036599,0.11888298872888121,0.03571428571428571,25.6831695776047,6.436717440320842e-06,-0.04219467322693459,0.0007052257621752319,,,-0.01607485130116472,-0.003386865387521018,,,,,,,alkane
bdd784a45f7845ffb86c69f7c9491f41,298.15,101.325,1,CCCCCCC,1.0,36.58,0.0,34.722211924236944,0.32426833922130577,3.45137653444739,0.03571428571428571,25.6831695776047,0.00018686891850486104,0.23365655822811293,-0.004652480571884795,,,0.08087938695423944,0.015080953558492947,,,,,,,alkane
cf2c1c4f97df47efa288e70af17dea0e,298.15,101.325,1,CC(C)CC(C)(C)C,1.0,35.13,0.0,36.712095504093945,0.3594448089805679,2.503026184074266,0.03571428571428571,25.6831695776047,0.00013552210004875585,-0.1856832497798358,0.0061513767522611215,,,-0.07011093952478044,-0.01368939475110652,,,,,,,alkane
deb81810e4c64cda9c8da9d9664747d2,298.15,101.325,1,CCCCCCCCCC,1.0,51.35,0.0,52.1078325419629,0.41406524435735687,0.5743101616579478,0.03571428571428571,25.6831695776047,3.109504793934519e-05,-0.1336805508230236,0.002250100741342799,,,-0.047851413799472546,-0.0096033324192935,,,,,,,alkane
