Id,Temperature (K),Pressure (kPa),N Components,Component 1,Mole Fraction 1,Reference Density Value (g / ml),Reference Density Uncertainty (g / ml),Estimated Density Value (g / ml),Estimated Density Uncertainty (g / ml),Delta^2,Weight,Denom,Term,d Term / d [#1:1]-[#6X4] epsilon,d Term / d [#1:1]-[#6X4] rmin_half,d Term / d [#6X4:1] epsilon,d Term / d [#6X4:1] rmin_half,d Term / d [#8X2H1+0:1] epsilon,d Term / d [#8X2H1+0:1] rmin_half,d Term / d [#6:1] epsilon,d Term / d [#6:1] rmin_half,d Term / d [#8:1] epsilon,d Term / d [#8:1] rmin_half,d Term / d [#8X2H0+0:1] epsilon,d Term / d [#8X2H0+0:1] rmin_half,Environment 1
6bce57dafd0a4f7db22c97be283f7072,298.15,101.325,1,CCCCCC,1.0,0.6549610000000001,0.0,0.632366637046567,0.00025237770722175287,0.0005105052372714696,0.007874015748031496,0.04821932532357388,0.0017288376898374634,0.8098746964980383,-0.10148971503684143,0.4627871910797987,0.055183744316333196,,,,,,,,,alkane
98dfde7944bf44bea8000f1e4d6ea8e4,298.15,101.325,1,CC(C)CC(C)(C)C,1.0,0.6877900000000001,0.0,0.7034130754786097,0.00020917975611335645,0.0002440804874103303,0.007874015748031496,0.04821932532357388,0.0008265841663921756,-0.35858359633068476,0.07545944449354991,-0.2757284120088299,-0.03196393270106695,,,,,,,,,alkane
6592c1fb6333488eb660fc3dafe00290,298.15,101.325,1,CC1CCCCC1,1.0,0.7667000000000003,0.0,0.7619811138647103,0.00022585034856856186,2.226788635783147e-05,0.007874015748031496,0.04821932532357388,7.541070766324933e-05,0.08895040393551316,-0.020953993643147144,0.0829575278611254,0.009938532214672747,,,,,,,,,alkane
87ff75ca440e4c8c8fe9335cb745f360,298.15,101.325,1,CCCCCCC,1.0,0.6796000000000002,0.0,0.6634847241623224,0.00027252170934703685,0.00025970211532444195,0.007874015748031496,0.04821932532357388,0.0008794871674639777,0.47736774337904175,-0.06381814650121116,0.2873093746209456,0.03463884805743335,,,,,,,,,alkane
7adf507e0d3b42bf93a24110e357fafe,298.15,101.325,1,CCCCCCCCCC,1.0,0.7261500000000002,0.0,0.720345868652127,0.00017817665605581023,3.3687940703363965e-05,0.007874015748031496,0.04821932532357388,0.00011408498351999197,0.12710741805613843,-0.022427357071823542,0.09139020124694479,0.010396690286830629,,,,,,,,,alkane
de7cf3d0de5741e5a35a443a439861e9,298.15,101.325,1,C1CCCCC1,1.0,0.7737800000000001,0.0,0.7547670213098964,0.0003201561609908813,0.0003614933586703399,0.007874015748031496,0.04821932532357388,0.0012242055467158342,0.3535874227027398,-0.09268347416134914,0.3405339472224433,0.030308449711582242,,,,,,,,,alkane
