Id,Temperature (K),Pressure (kPa),N Components,Component 1,Mole Fraction 1,Reference EnthalpyOfVaporization Value (kJ / mol),Reference EnthalpyOfVaporization Uncertainty (kJ / mol),Estimated EnthalpyOfVaporization Value (kJ / mol),Estimated EnthalpyOfVaporization Uncertainty (kJ / mol),Delta^2,Weight,Denom,Term,d Term / d [#1:1]-[#6X4] epsilon,d Term / d [#1:1]-[#6X4] rmin_half,d Term / d [#6:1] epsilon,d Term / d [#6:1] rmin_half,d Term / d [#6X4:1] epsilon,d Term / d [#6X4:1] rmin_half,d Term / d [#8:1] epsilon,d Term / d [#8:1] rmin_half,d Term / d [#8X2H1+0:1] epsilon,d Term / d [#8X2H1+0:1] rmin_half,d Term / d [#8X2H0+0:1] epsilon,d Term / d [#8X2H0+0:1] rmin_half,Environment 1
44a094a1c4fb45fe88e49b08ac11c15e,298.15,101.325,1,C1CCCCC1,1.0,33.02,0.0,31.840632046961662,0.28322613546722414,1.390908768653846,0.03571428571428571,25.6831695776047,7.530839209894795e-05,0.12279247020063729,-0.0024206702638990218,,,0.04761296664854019,0.00916971417996545,,,,,,,alkane
a47bd2a5b343439293299dfb113ab2b6,298.15,101.325,1,CCCCCC,1.0,31.55,0.0,29.592633708546483,0.28429902660320006,3.8312827989184974,0.03571428571428571,25.6831695776047,0.00020743829772685446,0.21433543618110767,-0.005343501540938187,,,0.07732257690998216,0.014270301349406288,,,,,,,alkane
5f2588d518fa4b3ca770debd4539df1c,298.15,101.325,1,CC1CCCCC1,1.0,35.38,0.0,35.474613472761895,0.22149756255782296,0.00895170922806539,0.03571428571428571,25.6831695776047,4.846750870334698e-07,-0.011094274224743324,0.00021457781909558867,,,-0.004327850697202457,-0.0008653646883264508,,,,,,,alkane
bdd784a45f7845ffb86c69f7c9491f41,298.15,101.325,1,CCCCCCC,1.0,36.58,0.0,35.108775347123405,0.29382257943730705,2.164501979231852,0.03571428571428571,25.6831695776047,0.0001171932821364707,0.206816803418642,-0.0027631876096325713,,,0.07087969582194037,0.014419602401896426,,,,,,,alkane
cf2c1c4f97df47efa288e70af17dea0e,298.15,101.325,1,CC(C)CC(C)(C)C,1.0,35.13,0.0,36.10102357390891,0.32290530519278365,0.9428867810868297,0.03571428571428571,25.6831695776047,5.105100277980446e-05,-0.1324464448089028,0.0021325495910231363,,,-0.044501328788055496,-0.00852351525501088,,,,,,,alkane
deb81810e4c64cda9c8da9d9664747d2,298.15,101.325,1,CCCCCCCCCC,1.0,51.35,0.0,51.416478660460236,0.36985962554217416,0.004419412296587092,0.03571428571428571,25.6831695776047,2.392815701351877e-07,-0.012389860363781298,0.0002812498688147286,,,-0.004719468443042238,-0.000957251182979226,,,,,,,alkane
