Id,Temperature (K),Pressure (kPa),N Components,Component 1,Mole Fraction 1,Reference Density Value (g / ml),Reference Density Uncertainty (g / ml),Estimated Density Value (g / ml),Estimated Density Uncertainty (g / ml),Delta^2,Weight,Denom,Term,d Term / d [#1:1]-[#6X4] epsilon,d Term / d [#1:1]-[#6X4] rmin_half,d Term / d [#6X4:1] epsilon,d Term / d [#6X4:1] rmin_half,d Term / d [#8X2H1+0:1] epsilon,d Term / d [#8X2H1+0:1] rmin_half,d Term / d [#6:1] epsilon,d Term / d [#6:1] rmin_half,d Term / d [#8:1] epsilon,d Term / d [#8:1] rmin_half,d Term / d [#8X2H0+0:1] epsilon,d Term / d [#8X2H0+0:1] rmin_half,Environment 1
6bce57dafd0a4f7db22c97be283f7072,298.15,101.325,1,CCCCCC,1.0,0.6549610000000001,0.0,0.633862543379415,0.00022385165806393617,0.00044514487177071,0.03571428571428571,0.04821932532357388,0.0068375589582079874,3.107489066880991,-0.3131743564413204,1.6072848836143345,0.21822234860712408,,,,,,,,,alkane
98dfde7944bf44bea8000f1e4d6ea8e4,298.15,101.325,1,CC(C)CC(C)(C)C,1.0,0.6877900000000001,0.0,0.7042211888580289,0.00022207649131856199,0.000269983967288208,0.03571428571428571,0.04821932532357388,0.0041470348445458265,-1.8143747442606446,0.28096426679910924,-1.123091501229455,-0.12178372104002089,,,,,,,,,alkane
6592c1fb6333488eb660fc3dafe00290,298.15,101.325,1,CC1CCCCC1,1.0,0.7667000000000003,0.0,0.7631194517309872,0.00023882751828949,1.2820325906732753e-05,0.03571428571428571,0.04821932532357388,0.00019692405733448315,0.3295835326409912,-0.07897166867851889,0.29322566115814414,0.026211389902721028,,,,,,,,,alkane
87ff75ca440e4c8c8fe9335cb745f360,298.15,101.325,1,CCCCCCC,1.0,0.6796000000000002,0.0,0.6645266316460499,0.0002465734190981161,0.00022720643353387173,0.03571428571428571,0.04821932532357388,0.0034899590751035865,1.8579828662703677,-0.24480793568258752,1.1245593437498673,0.1493907388675074,,,,,,,,,alkane
7adf507e0d3b42bf93a24110e357fafe,298.15,101.325,1,CCCCCCCCCC,1.0,0.7261500000000002,0.0,0.7218656165873959,0.00023941367241658425,1.8355941226198753e-05,0.03571428571428571,0.04821932532357388,0.0002819527716185475,0.290912492450795,-0.09917703807038568,0.33022118357303576,0.035782032446293785,,,,,,,,,alkane
de7cf3d0de5741e5a35a443a439861e9,298.15,101.325,1,C1CCCCC1,1.0,0.7737800000000001,0.0,0.7563184715302927,0.0002570412321934939,0.00030490497649840166,0.03571428571428571,0.04821932532357388,0.004683432036779042,1.8277660520410026,-0.34941140663191056,1.429953279065559,0.14205307748598578,,,,,,,,,alkane
