Id,Temperature (K),Pressure (kPa),N Components,Component 1,Mole Fraction 1,Reference EnthalpyOfVaporization Value (kJ / mol),Reference EnthalpyOfVaporization Uncertainty (kJ / mol),Estimated EnthalpyOfVaporization Value (kJ / mol),Estimated EnthalpyOfVaporization Uncertainty (kJ / mol),Delta^2,Weight,Denom,Term,d Term / d [#1:1]-[#6X4] epsilon,d Term / d [#1:1]-[#6X4] rmin_half,d Term / d [#6:1] epsilon,d Term / d [#6:1] rmin_half,d Term / d [#6X4:1] epsilon,d Term / d [#6X4:1] rmin_half,d Term / d [#8:1] epsilon,d Term / d [#8:1] rmin_half,d Term / d [#8X2H1+0:1] epsilon,d Term / d [#8X2H1+0:1] rmin_half,d Term / d [#8X2H0+0:1] epsilon,d Term / d [#8X2H0+0:1] rmin_half,Environment 1
44a094a1c4fb45fe88e49b08ac11c15e,298.15,101.325,1,C1CCCCC1,1.0,33.02,0.0,32.30498131046214,0.25368018422182464,0.5112517263884442,0.03571428571428571,25.6831695776047,2.7680856099129856e-05,0.07895032753455368,-0.0019535539442669717,,,0.03053080476694441,0.0055209738359959975,,,,,,,alkane
a47bd2a5b343439293299dfb113ab2b6,298.15,101.325,1,CCCCCC,1.0,31.55,0.0,29.50699149030415,0.29449689128006645,4.173883770689667,0.03571428571428571,25.6831695776047,0.00022598784525799432,0.20428619438383955,-0.0068976685995956796,,,0.07704617893636524,0.013856613427875386,,,,,,,alkane
5f2588d518fa4b3ca770debd4539df1c,298.15,101.325,1,CC1CCCCC1,1.0,35.38,0.0,35.77948796156178,0.22145838917342686,0.15959063143278204,0.03571428571428571,25.6831695776047,8.640763591483027e-06,-0.045826425375273455,0.0014221337889966453,,,-0.0182856362164024,-0.0032255638831458246,,,,,,,alkane
bdd784a45f7845ffb86c69f7c9491f41,298.15,101.325,1,CCCCCCC,1.0,36.58,0.0,34.90719299413974,0.3307054379324437,2.7982832788551577,0.03571428571428571,25.6831695776047,0.00015150829379838293,0.20702237995168662,-0.005931626277934864,,,0.07664245729431189,0.014132240501531158,,,,,,,alkane
cf2c1c4f97df47efa288e70af17dea0e,298.15,101.325,1,CC(C)CC(C)(C)C,1.0,35.13,0.0,36.87028182398624,0.24802762554554642,3.028580826896864,0.03571428571428571,25.6831695776047,0.00016397736325729248,-0.23682798918704737,0.0037925618049400246,,,-0.07662281946125975,-0.014111728218380146,,,,,,,alkane
deb81810e4c64cda9c8da9d9664747d2,298.15,101.325,1,CCCCCCCCCC,1.0,51.35,0.0,52.13142841214994,0.3846085333017667,0.6106303633151695,0.03571428571428571,25.6831695776047,3.3061543549378705e-05,-0.1442032818529654,0.004378214124356723,,,-0.056268343655753214,-0.010929232527294991,,,,,,,alkane
