Id,Temperature (K),Pressure (kPa),N Components,Component 1,Mole Fraction 1,Reference EnthalpyOfVaporization Value (kJ / mol),Reference EnthalpyOfVaporization Uncertainty (kJ / mol),Estimated EnthalpyOfVaporization Value (kJ / mol),Estimated EnthalpyOfVaporization Uncertainty (kJ / mol),Delta^2,Weight,Denom,Term,d Term / d [#1:1]-[#6X4] epsilon,d Term / d [#1:1]-[#6X4] rmin_half,d Term / d [#6:1] epsilon,d Term / d [#6:1] rmin_half,d Term / d [#6X4:1] epsilon,d Term / d [#6X4:1] rmin_half,d Term / d [#8:1] epsilon,d Term / d [#8:1] rmin_half,d Term / d [#8X2H1+0:1] epsilon,d Term / d [#8X2H1+0:1] rmin_half,d Term / d [#8X2H0+0:1] epsilon,d Term / d [#8X2H0+0:1] rmin_half,Environment 1
44a094a1c4fb45fe88e49b08ac11c15e,298.15,101.325,1,C1CCCCC1,1.0,33.02,0.0,33.454934491709786,0.2593990547501291,0.18916801207884676,0.03571428571428571,25.6831695776047,1.0242180614045497e-05,-0.0500608701049326,0.000975465675682973,,,-0.018659904568156617,-0.0035181995270325028,,,,,,,alkane
a47bd2a5b343439293299dfb113ab2b6,298.15,101.325,1,CCCCCC,1.0,31.55,0.0,30.82872995195736,0.2839315180472149,0.520230482203433,0.03571428571428571,25.6831695776047,2.8166995577659647e-05,0.08608601837381669,-0.0015526759524820137,,,0.02769767256315579,0.0047408309525893136,,,,,,,alkane
5f2588d518fa4b3ca770debd4539df1c,298.15,101.325,1,CC1CCCCC1,1.0,35.38,0.0,37.51639769537302,0.2167264406191611,4.564195112795152,0.03571428571428571,25.6831695776047,0.000247120589730081,-0.22226793196818975,0.007827605498252739,,,-0.09353101096865574,-0.017157312944609624,,,,,,,alkane
bdd784a45f7845ffb86c69f7c9491f41,298.15,101.325,1,CCCCCCC,1.0,36.58,0.0,35.58549090754716,0.3075855887055535,0.989048334971366,0.03571428571428571,25.6831695776047,5.3550341685545825e-05,0.13968780696848418,-0.0023033141269357504,,,0.046662530109756316,0.00901544684227366,,,,,,,alkane
cf2c1c4f97df47efa288e70af17dea0e,298.15,101.325,1,CC(C)CC(C)(C)C,1.0,35.13,0.0,38.021253755451134,0.33344062239886196,8.359348278410273,0.03571428571428571,25.6831695776047,0.0004526027098466417,-0.4106968001218504,0.005865199120129704,,,-0.13272762773135113,-0.027027650701456452,,,,,,,alkane
deb81810e4c64cda9c8da9d9664747d2,298.15,101.325,1,CCCCCCCCCC,1.0,51.35,0.0,54.78611580991575,0.4486119654318844,11.806891859152955,0.03571428571428571,25.6831695776047,0.000639264099585421,-0.6641128468561095,0.014787607170630141,,,-0.2396517183174716,-0.04543795948428796,,,,,,,alkane
