Id,Temperature (K),Pressure (kPa),N Components,Component 1,Mole Fraction 1,Reference Density Value (g / ml),Reference Density Uncertainty (g / ml),Estimated Density Value (g / ml),Estimated Density Uncertainty (g / ml),Delta^2,Weight,Denom,Term,d Term / d [#1:1]-[#6X4] epsilon,d Term / d [#1:1]-[#6X4] rmin_half,d Term / d [#6X4:1] epsilon,d Term / d [#6X4:1] rmin_half,d Term / d [#8X2H1+0:1] epsilon,d Term / d [#8X2H1+0:1] rmin_half,d Term / d [#6:1] epsilon,d Term / d [#6:1] rmin_half,d Term / d [#8:1] epsilon,d Term / d [#8:1] rmin_half,d Term / d [#8X2H0+0:1] epsilon,d Term / d [#8X2H0+0:1] rmin_half,Environment 1
6bce57dafd0a4f7db22c97be283f7072,298.15,101.325,1,CCCCCC,1.0,0.6549610000000001,0.0,0.6347846467819113,0.00021676151799765813,0.0004070852291810847,0.007874015748031496,0.04821932532357388,0.0013786034614374227,0.7621502902693471,-0.07000168260927864,0.37740039464809344,0.05507359173880958,,,,,,,,,alkane
98dfde7944bf44bea8000f1e4d6ea8e4,298.15,101.325,1,CC(C)CC(C)(C)C,1.0,0.6877900000000001,0.0,0.7035407794368076,0.00019508123262716544,0.0002480870528669571,0.007874015748031496,0.04821932532357388,0.0008401524921653623,-0.30584078797236225,0.06689607155348154,-0.22271585216651663,-0.024450875978109823,,,,,,,,,alkane
6592c1fb6333488eb660fc3dafe00290,298.15,101.325,1,CC1CCCCC1,1.0,0.7667000000000003,0.0,0.7598216649977557,0.00022519954228873593,4.731149240310255e-05,0.007874015748031496,0.04821932532357388,0.00016022145368402413,0.1379058193811725,-0.03139368225293279,0.11526675533985166,0.013192070356308405,,,,,,,,,alkane
87ff75ca440e4c8c8fe9335cb745f360,298.15,101.325,1,CCCCCCC,1.0,0.6796000000000002,0.0,0.6641179902332268,0.00021477985329955502,0.0002396926264184665,0.007874015748031496,0.04821932532357388,0.0008117245745473464,0.3334722884429626,-0.05841247271228355,0.22651801148112374,0.02989774073777071,,,,,,,,,alkane
7adf507e0d3b42bf93a24110e357fafe,298.15,101.325,1,CCCCCCCCCC,1.0,0.7261500000000002,0.0,0.7192613165000011,0.00022381508317603755,4.745396036315914e-05,0.007874015748031496,0.04821932532357388,0.00016070392469696917,0.12242793359694157,-0.03031050783142871,0.105901196258673,0.01391355374239562,,,,,,,,,alkane
de7cf3d0de5741e5a35a443a439861e9,298.15,101.325,1,C1CCCCC1,1.0,0.7737800000000001,0.0,0.7537663137885162,0.0002267017334349236,0.0004005476357717414,0.007874015748031496,0.04821932532357388,0.0013564637514761409,0.4316079599214693,-0.06650027245895718,0.3069374947732146,0.0468559483396076,,,,,,,,,alkane
