Id,Temperature (K),Pressure (kPa),N Components,Component 1,Mole Fraction 1,Reference Density Value (g / ml),Reference Density Uncertainty (g / ml),Estimated Density Value (g / ml),Estimated Density Uncertainty (g / ml),Delta^2,Weight,Denom,Term,d Term / d [#1:1]-[#6X4] epsilon,d Term / d [#1:1]-[#6X4] rmin_half,d Term / d [#6X4:1] epsilon,d Term / d [#6X4:1] rmin_half,d Term / d [#8X2H1+0:1] epsilon,d Term / d [#8X2H1+0:1] rmin_half,d Term / d [#6:1] epsilon,d Term / d [#6:1] rmin_half,d Term / d [#8:1] epsilon,d Term / d [#8:1] rmin_half,d Term / d [#8X2H0+0:1] epsilon,d Term / d [#8X2H0+0:1] rmin_half,Environment 1
0b24264e4f7041f1b0599746a6bcbe94,298.15,101.325,1,O=C1CCCCCC1,1.0,0.9476200000000002,0.0,0.9178585938778373,0.00027166412800242324,0.0008857412943683175,0.007874015748031496,0.04821932532357388,0.0029995831998390864,0.10409618504795651,-0.12954410270792896,0.30343039260339205,0.017902864748171793,,,0.051095800348310474,0.0036482747515003324,0.01786447802495752,-0.026498399348252467,,,ketone
a5717fa9521e409f9a64b296b86f1259,298.15,101.325,1,O=C1CCCCC1,1.0,0.9430000000000002,0.0,0.9094389067368852,0.0002741988453067765,0.0011263469810155005,0.007874015748031496,0.04821932532357388,0.0038143998737837537,0.2839822539427816,-0.14814538148702255,0.4233786884400938,0.043471171794320335,,,0.0822706875492179,0.005913396953114631,0.02915207423853544,-0.03937049776962102,,,ketone
7bd17fead51341e48da1d3a641e5f6c2,298.15,101.325,1,CCCC(C)=O,1.0,0.8019900000000002,0.0,0.7695784065264338,0.00027264753996230896,0.00105051139149573,0.007874015748031496,0.04821932532357388,0.003557580911272105,0.37879133708230267,-0.15186512618456044,0.3584938407041734,0.014153648871587985,,,0.09212675843862098,0.010689549862592792,0.03492619823195476,-0.02397703383473247,,,ketone
11a3bedec99f4bdeb7a86cb925bace53,298.15,101.325,1,O=C1CCCC1,1.0,0.9453,0.0,0.903977020866141,0.00024909053226444003,0.0017075886044973522,0.007874015748031496,0.04821932532357388,0.005782787957221543,0.2553207483697151,-0.1841193311390169,0.47809178058665935,0.027494263158134292,,,0.12106263027451707,0.008806092642498407,0.04053036169740855,-0.05382612559631307,,,ketone
