Id,Temperature (K),Pressure (kPa),N Components,Component 1,Mole Fraction 1,Reference Density Value (g / ml),Reference Density Uncertainty (g / ml),Estimated Density Value (g / ml),Estimated Density Uncertainty (g / ml),Delta^2,Weight,Denom,Term,d Term / d [#1:1]-[#6X4] epsilon,d Term / d [#1:1]-[#6X4] rmin_half,d Term / d [#6X4:1] epsilon,d Term / d [#6X4:1] rmin_half,d Term / d [#8X2H1+0:1] epsilon,d Term / d [#8X2H1+0:1] rmin_half,d Term / d [#6:1] epsilon,d Term / d [#6:1] rmin_half,d Term / d [#8:1] epsilon,d Term / d [#8:1] rmin_half,d Term / d [#8X2H0+0:1] epsilon,d Term / d [#8X2H0+0:1] rmin_half,Environment 1
0b24264e4f7041f1b0599746a6bcbe94,298.15,101.325,1,O=C1CCCCCC1,1.0,0.9476200000000002,0.0,0.9375147711801044,0.00029756388377475296,0.00010211564950245346,0.007874015748031496,0.04821932532357388,0.0003458169881383508,0.0036601195150320885,-0.051961091777379266,0.09894332537912325,0.008886093053611963,,,0.01632083959288114,0.0008786298795011034,0.005817864294441294,-0.007381509127705745,,,ketone
a5717fa9521e409f9a64b296b86f1259,298.15,101.325,1,O=C1CCCCC1,1.0,0.9430000000000002,0.0,0.9313544125429661,0.00018580524725365384,0.00013561970721942844,0.007874015748031496,0.04821932532357388,0.0004592792477092443,0.024578189549081367,-0.05585224694359183,0.11101402590221965,0.008432455375435145,,,0.0230385423741941,0.001730688651081998,0.007611008176394744,-0.010629848334008199,,,ketone
7bd17fead51341e48da1d3a641e5f6c2,298.15,101.325,1,CCCC(C)=O,1.0,0.8019900000000002,0.0,0.7902249218567148,0.00023641117366126444,0.00013841706371761238,0.007874015748031496,0.04821932532357388,0.0004687525596223999,0.16581652238974545,-0.051130645062526535,0.12325431216490974,0.012947177483816229,,,0.029599733593498753,0.003132091071122448,0.012841686927281685,-0.00458382986768916,,,ketone
11a3bedec99f4bdeb7a86cb925bace53,298.15,101.325,1,O=C1CCCC1,1.0,0.9453,0.0,0.9287058896507356,0.0002272433288891628,0.00027536449828356355,0.007874015748031496,0.04821932532357388,0.0009325281864300543,0.12402356958794877,-0.07156390033014107,0.1716372563517039,0.012750922873749721,,,0.04509647847486993,0.0026708143934242308,0.01477070944251573,-0.018841282980585534,,,ketone
