Id,Temperature (K),Pressure (kPa),N Components,Component 1,Mole Fraction 1,Reference Density Value (g / ml),Reference Density Uncertainty (g / ml),Estimated Density Value (g / ml),Estimated Density Uncertainty (g / ml),Delta^2,Weight,Denom,Term,d Term / d [#1:1]-[#6X4] epsilon,d Term / d [#1:1]-[#6X4] rmin_half,d Term / d [#6X4:1] epsilon,d Term / d [#6X4:1] rmin_half,d Term / d [#8X2H1+0:1] epsilon,d Term / d [#8X2H1+0:1] rmin_half,d Term / d [#6:1] epsilon,d Term / d [#6:1] rmin_half,d Term / d [#8:1] epsilon,d Term / d [#8:1] rmin_half,d Term / d [#8X2H0+0:1] epsilon,d Term / d [#8X2H0+0:1] rmin_half,Environment 1
0b24264e4f7041f1b0599746a6bcbe94,298.15,101.325,1,O=C1CCCCCC1,1.0,0.9476200000000002,0.0,0.9177000315587558,0.0002633371356455818,0.0008952045115250638,0.007874015748031496,0.04821932532357388,0.0030316306016936524,-0.0384353589337233,-0.18847984882042856,0.377864508631696,0.018474880216186453,,,0.06789485352348834,0.007015046635767095,0.01790540972533443,-0.03681959284193031,,,ketone
a5717fa9521e409f9a64b296b86f1259,298.15,101.325,1,O=C1CCCCC1,1.0,0.9430000000000002,0.0,0.9097941261029111,0.00022867835623335662,0.0011026300612693811,0.007874015748031496,0.04821932532357388,0.0037340819813306,0.1714560986306548,-0.16876684801339262,0.39807735869694943,0.02154414655321985,,,0.08677242997650403,0.009268640810017353,0.026835330174618248,-0.03978966493920771,,,ketone
7bd17fead51341e48da1d3a641e5f6c2,298.15,101.325,1,CCCC(C)=O,1.0,0.8019900000000002,0.0,0.7691599568309723,0.0002325826710952761,0.0010778117344802376,0.007874015748031496,0.04821932532357388,0.0036500341486754434,0.32801415536219286,-0.16705264550267726,0.36860079786415545,0.015589838289030392,,,0.10162610120718543,0.01429462056829691,0.04090399735380201,-0.01492514351662647,,,ketone
11a3bedec99f4bdeb7a86cb925bace53,298.15,101.325,1,O=C1CCCC1,1.0,0.9453,0.0,0.903945877017019,0.00023986541406438697,0.0017101634876915193,0.007874015748031496,0.04821932532357388,0.005791507858190234,0.2909618217293602,-0.21056156203827642,0.5378000603034508,0.031759027791399635,,,0.13729282451871627,0.008195816719521175,0.04750211196798721,-0.059952143944171296,,,ketone
