Id,Temperature (K),Pressure (kPa),N Components,Component 1,Mole Fraction 1,Reference EnthalpyOfVaporization Value (kJ / mol),Reference EnthalpyOfVaporization Uncertainty (kJ / mol),Estimated EnthalpyOfVaporization Value (kJ / mol),Estimated EnthalpyOfVaporization Uncertainty (kJ / mol),Delta^2,Weight,Denom,Term,d Term / d [#1:1]-[#6X4] epsilon,d Term / d [#1:1]-[#6X4] rmin_half,d Term / d [#6:1] epsilon,d Term / d [#6:1] rmin_half,d Term / d [#6X4:1] epsilon,d Term / d [#6X4:1] rmin_half,d Term / d [#8:1] epsilon,d Term / d [#8:1] rmin_half,d Term / d [#8X2H1+0:1] epsilon,d Term / d [#8X2H1+0:1] rmin_half,d Term / d [#8X2H0+0:1] epsilon,d Term / d [#8X2H0+0:1] rmin_half,Environment 1
6b2d2f277d7b470da67f79b461d1a009,298.16,101.325,1,O=C1CCCC1,1.0,42.63,0.0,42.62145265897515,0.2539620045747403,7.305703859510278e-05,0.03571428571428571,25.6831695776047,3.955549229467259e-09,0.0005790542037223484,-2.230397259565792e-05,6.932773239658139e-05,1.1462455092571547e-05,0.0002641129384190187,4.9783251316829686e-05,3.494442396360899e-05,3.34588119158998e-07,,,,,ketone
e8e70fcf04ee463a9671f8e8beb0cdba,298.15,101.325,1,CCCC(C)=O,1.0,38.43,0.0,39.71151759859493,0.2531182117923795,1.6422873555085187,0.03571428571428571,25.6831695776047,8.89188585873093e-05,-0.09873178853858257,0.003639719343290847,-0.00930776674581637,-0.0016225062668657965,-0.036093671873226,-0.006241111511937728,-0.004671877513400067,-0.0005514575671290159,,,,,ketone
ccb77d44c1e74368bbfd37152c26ea21,298.16,101.325,1,O=C1CCCCC1,1.0,44.89,0.0,47.78501801055691,0.2772280412038077,8.38112928144889,0.03571428571428571,25.6831695776047,0.0004537820052498393,-0.21275265314552577,0.010888321649816238,-0.022070439919865886,-0.0036781044212660066,-0.10014990552343417,-0.017923651029652342,-0.010698508185728985,0.0011478372862979448,,,,,ketone
306e2ef66008434a91f82d02cf6e6983,298.16,101.325,1,O=C1CCCCCC1,1.0,49.54,0.0,52.918338982245906,0.29255831736574983,11.41317427896231,0.03571428571428571,25.6831695776047,0.0006179469301394752,-0.30969121282725287,0.014851813847313414,-0.026723786078274595,-0.004597160813463507,-0.14331954077849846,-0.02630903423979693,-0.013114041020538345,0.0011162450660241892,,,,,ketone
