Id,Temperature (K),Pressure (kPa),N Components,Component 1,Mole Fraction 1,Reference EnthalpyOfVaporization Value (kJ / mol),Reference EnthalpyOfVaporization Uncertainty (kJ / mol),Estimated EnthalpyOfVaporization Value (kJ / mol),Estimated EnthalpyOfVaporization Uncertainty (kJ / mol),Delta^2,Weight,Denom,Term,d Term / d [#1:1]-[#6X4] epsilon,d Term / d [#1:1]-[#6X4] rmin_half,d Term / d [#6:1] epsilon,d Term / d [#6:1] rmin_half,d Term / d [#6X4:1] epsilon,d Term / d [#6X4:1] rmin_half,d Term / d [#8:1] epsilon,d Term / d [#8:1] rmin_half,d Term / d [#8X2H1+0:1] epsilon,d Term / d [#8X2H1+0:1] rmin_half,d Term / d [#8X2H0+0:1] epsilon,d Term / d [#8X2H0+0:1] rmin_half,Environment 1
44a094a1c4fb45fe88e49b08ac11c15e,298.15,101.325,1,C1CCCCC1,1.0,33.02,0.0,32.10516743900584,0.264445505904132,0.8369186146551402,0.03571428571428571,25.6831695776047,4.5313536450242265e-05,0.08237154830854977,-0.003363703482370241,,,0.03691288723896271,0.006892364867768943,,,,,,,alkane
a47bd2a5b343439293299dfb113ab2b6,298.15,101.325,1,CCCCCC,1.0,31.55,0.0,29.720000584938244,0.293966446241907,3.348897859126371,0.03571428571428571,25.6831695776047,0.00018132038474277597,0.1841954869116725,-0.004475318096652925,,,0.06786991812826863,0.013133786283776013,,,,,,,alkane
5f2588d518fa4b3ca770debd4539df1c,298.15,101.325,1,CC1CCCCC1,1.0,35.38,0.0,38.075916968241465,0.47459336663804325,7.267968299652239,0.03571428571428571,25.6831695776047,0.000393511795171629,-0.2819896998076538,0.010432418169432502,,,-0.12103530561291179,-0.022402977641282126,,,,,,,alkane
bdd784a45f7845ffb86c69f7c9491f41,298.15,101.325,1,CCCCCCC,1.0,36.58,0.0,35.129145423945246,0.3005590385247558,2.104979000859014,0.03571428571428571,25.6831695776047,0.00011397051160311845,0.1584916606395883,-0.0057369728201387875,,,0.06435177266533826,0.012467135174957782,,,,,,,alkane
cf2c1c4f97df47efa288e70af17dea0e,298.15,101.325,1,CC(C)CC(C)(C)C,1.0,35.13,0.0,36.7423744001154,0.24093696611823734,2.599751206147494,0.03571428571428571,25.6831695776047,0.000140759112031303,-0.20210694428230905,0.0041874841039452665,,,-0.06952037823249324,-0.012607818524183753,,,,,,,alkane
deb81810e4c64cda9c8da9d9664747d2,298.15,101.325,1,CCCCCCCCCC,1.0,51.35,0.0,51.829831038860256,0.37171542238339694,0.23023782585371103,0.03571428571428571,25.6831695776047,1.2465835902509625e-05,-0.08982431484743025,0.0007923002930301233,,,-0.031090898689096542,-0.006391738998095672,,,,,,,alkane
