Id,Temperature (K),Pressure (kPa),N Components,Component 1,Mole Fraction 1,Reference Density Value (g / ml),Reference Density Uncertainty (g / ml),Estimated Density Value (g / ml),Estimated Density Uncertainty (g / ml),Delta^2,Weight,Denom,Term,d Term / d [#1:1]-[#6X4] epsilon,d Term / d [#1:1]-[#6X4] rmin_half,d Term / d [#6X4:1] epsilon,d Term / d [#6X4:1] rmin_half,d Term / d [#8X2H1+0:1] epsilon,d Term / d [#8X2H1+0:1] rmin_half,d Term / d [#6:1] epsilon,d Term / d [#6:1] rmin_half,d Term / d [#8:1] epsilon,d Term / d [#8:1] rmin_half,d Term / d [#8X2H0+0:1] epsilon,d Term / d [#8X2H0+0:1] rmin_half,Environment 1
0b24264e4f7041f1b0599746a6bcbe94,298.15,101.325,1,O=C1CCCCCC1,1.0,0.9476200000000002,0.0,0.9203481629430518,0.00021174294075784072,0.0007437530964607476,0.007874015748031496,0.04821932532357388,0.0025187369124107504,0.03255715496146902,-0.12537162635737936,0.28913432038528886,0.006035015840541287,,,0.051422066884966866,0.004018994319744572,0.016466492959696117,-0.024641400661677134,,,ketone
a5717fa9521e409f9a64b296b86f1259,298.15,101.325,1,O=C1CCCCC1,1.0,0.9430000000000002,0.0,0.912356896530777,0.00024563692267012756,0.0009389997902255168,0.007874015748031496,0.04821932532357388,0.003179944317061114,0.15248313639810326,-0.12739566733301483,0.33861385684537776,0.01530688328515693,,,0.0667416567655974,0.002596169146552011,0.02164555547230413,-0.03355544667124447,,,ketone
7bd17fead51341e48da1d3a641e5f6c2,298.15,101.325,1,CCCC(C)=O,1.0,0.8019900000000002,0.0,0.7709012559477922,0.0002545025362843587,0.000966510006743696,0.007874015748031496,0.04821932532357388,0.0032731082959977804,0.49220495816764037,-0.1161920678522358,0.34486136223102304,0.01962816314045835,,,0.08387753815894752,0.006276193166729265,0.02816089018524202,-0.027063203127112648,,,ketone
11a3bedec99f4bdeb7a86cb925bace53,298.15,101.325,1,O=C1CCCC1,1.0,0.9453,0.0,0.9068393499688253,0.00023191402964851203,0.0014792216008204997,0.007874015748031496,0.04821932532357388,0.005009417863739334,0.246620475022906,-0.14279037532291983,0.40491158296102814,0.014760903559820229,,,0.10434785578044217,0.0036228500435602977,0.03669129398988927,-0.04328554845528888,,,ketone
