Id,Temperature (K),Pressure (kPa),N Components,Component 1,Mole Fraction 1,Reference Density Value (g / ml),Reference Density Uncertainty (g / ml),Estimated Density Value (g / ml),Estimated Density Uncertainty (g / ml),Delta^2,Weight,Denom,Term,d Term / d [#1:1]-[#6X4] epsilon,d Term / d [#1:1]-[#6X4] rmin_half,d Term / d [#6X4:1] epsilon,d Term / d [#6X4:1] rmin_half,d Term / d [#8X2H1+0:1] epsilon,d Term / d [#8X2H1+0:1] rmin_half,d Term / d [#6:1] epsilon,d Term / d [#6:1] rmin_half,d Term / d [#8:1] epsilon,d Term / d [#8:1] rmin_half,d Term / d [#8X2H0+0:1] epsilon,d Term / d [#8X2H0+0:1] rmin_half,Environment 1
6bce57dafd0a4f7db22c97be283f7072,298.15,101.325,1,CCCCCC,1.0,0.6549610000000001,0.0,0.6345865667901103,0.0002377939895717538,0.00041511752862426253,0.007874015748031496,0.04821932532357388,0.0014058050276498414,0.6122514415841648,-0.1003179840279891,0.3752889357298905,0.04386617103169738,,,,,,,,,alkane
98dfde7944bf44bea8000f1e4d6ea8e4,298.15,101.325,1,CC(C)CC(C)(C)C,1.0,0.6877900000000001,0.0,0.7017415126411044,0.00018752653148390293,0.0001946447049748925,0.007874015748031496,0.04821932532357388,0.0006591687558122808,-0.2690447892818457,0.06287243886967485,-0.20161278883079606,-0.025504384905425805,,,,,,,,,alkane
6592c1fb6333488eb660fc3dafe00290,298.15,101.325,1,CC1CCCCC1,1.0,0.7667000000000003,0.0,0.7566682891037968,0.00024842360066340145,0.00010063522350500746,0.007874015748031496,0.04821932532357388,0.0003408034915578273,0.18270859347149496,-0.043384033961097385,0.15482111741921,0.01985816263308663,,,,,,,,,alkane
87ff75ca440e4c8c8fe9335cb745f360,298.15,101.325,1,CCCCCCC,1.0,0.6796000000000002,0.0,0.6626706512040248,0.00020524964318794595,0.00028660285065579396,0.007874015748031496,0.04821932532357388,0.0009705871243885193,0.4965994468630443,-0.06356441950271506,0.28717287552751936,0.04464661517929464,,,,,,,,,alkane
7adf507e0d3b42bf93a24110e357fafe,298.15,101.325,1,CCCCCCCCCC,1.0,0.7261500000000002,0.0,0.7170369025968654,0.0002478957228250195,8.304854427902256e-05,0.007874015748031496,0.04821932532357388,0.0002812457991676978,0.17239401824122821,-0.034744632022137116,0.12435868962704148,0.015579651915590279,,,,,,,,,alkane
de7cf3d0de5741e5a35a443a439861e9,298.15,101.325,1,C1CCCCC1,1.0,0.7737800000000001,0.0,0.7514110674169839,0.0002887780837387152,0.0005003691449035237,0.007874015748031496,0.04821932532357388,0.0016945115806538665,0.5416626603569309,-0.10000836343906117,0.41377351030839316,0.06263269199427023,,,,,,,,,alkane
