Id,Temperature (K),Pressure (kPa),N Components,Component 1,Mole Fraction 1,Reference EnthalpyOfVaporization Value (kJ / mol),Reference EnthalpyOfVaporization Uncertainty (kJ / mol),Estimated EnthalpyOfVaporization Value (kJ / mol),Estimated EnthalpyOfVaporization Uncertainty (kJ / mol),Delta^2,Weight,Denom,Term,d Term / d [#1:1]-[#6X4] epsilon,d Term / d [#1:1]-[#6X4] rmin_half,d Term / d [#6:1] epsilon,d Term / d [#6:1] rmin_half,d Term / d [#6X4:1] epsilon,d Term / d [#6X4:1] rmin_half,d Term / d [#8:1] epsilon,d Term / d [#8:1] rmin_half,d Term / d [#8X2H1+0:1] epsilon,d Term / d [#8X2H1+0:1] rmin_half,d Term / d [#8X2H0+0:1] epsilon,d Term / d [#8X2H0+0:1] rmin_half,Environment 1
44a094a1c4fb45fe88e49b08ac11c15e,298.15,101.325,1,C1CCCCC1,1.0,33.02,0.0,33.83621481305788,0.19753116303722174,0.666206621055103,0.03571428571428571,25.6831695776047,3.607062559961395e-05,-0.07929746504156167,0.0028532543311813523,,,-0.035899102408769305,-0.007337336300184695,,,,,,,alkane
a47bd2a5b343439293299dfb113ab2b6,298.15,101.325,1,CCCCCC,1.0,31.55,0.0,31.852660613062927,0.3006785674482322,0.09160344669962629,0.03571428571428571,25.6831695776047,4.9597129855950755e-06,-0.03162079575783804,0.0007783262742226344,,,-0.01155822440583558,-0.0021210619534055447,,,,,,,alkane
5f2588d518fa4b3ca770debd4539df1c,298.15,101.325,1,CC1CCCCC1,1.0,35.38,0.0,37.22918394266119,0.3085327597542662,3.4194812537959636,0.03571428571428571,25.6831695776047,0.00018514200272466344,-0.20424123838086428,0.0036734040549198255,,,-0.08138813585405608,-0.01673389061250471,,,,,,,alkane
bdd784a45f7845ffb86c69f7c9491f41,298.15,101.325,1,CCCCCCC,1.0,36.58,0.0,38.153637805607815,0.3376541398578545,2.4763359432381846,0.03571428571428571,25.6831695776047,0.0001340770023059008,-0.2033715183954137,0.00233937626677966,,,-0.07309675716774854,-0.01570563451615128,,,,,,,alkane
cf2c1c4f97df47efa288e70af17dea0e,298.15,101.325,1,CC(C)CC(C)(C)C,1.0,35.13,0.0,39.101874395690096,0.2286824642787858,15.775786215138547,0.03571428571428571,25.6831695776047,0.0008541531412650837,-0.4097845081430578,0.0206237276623839,,,-0.1735909681645567,-0.032988195240102526,,,,,,,alkane
deb81810e4c64cda9c8da9d9664747d2,298.15,101.325,1,CCCCCCCCCC,1.0,51.35,0.0,55.77834874389344,0.423199965744592,19.610272597542583,0.03571428571428571,25.6831695776047,0.0010617648915768147,-0.7138984445539778,0.01961729339221724,,,-0.28942110145574435,-0.06032478680413495,,,,,,,alkane
