Id,Temperature (K),Pressure (kPa),N Components,Component 1,Mole Fraction 1,Reference Density Value (g / ml),Reference Density Uncertainty (g / ml),Estimated Density Value (g / ml),Estimated Density Uncertainty (g / ml),Delta^2,Weight,Denom,Term,d Term / d [#1:1]-[#6X4] epsilon,d Term / d [#1:1]-[#6X4] rmin_half,d Term / d [#6X4:1] epsilon,d Term / d [#6X4:1] rmin_half,d Term / d [#8X2H1+0:1] epsilon,d Term / d [#8X2H1+0:1] rmin_half,d Term / d [#6:1] epsilon,d Term / d [#6:1] rmin_half,d Term / d [#8:1] epsilon,d Term / d [#8:1] rmin_half,d Term / d [#8X2H0+0:1] epsilon,d Term / d [#8X2H0+0:1] rmin_half,Environment 1
6bce57dafd0a4f7db22c97be283f7072,298.15,101.325,1,CCCCCC,1.0,0.6549610000000001,0.0,0.6339796305980654,0.0002327200130980399,0.00044021786198044315,0.03571428571428571,0.04821932532357388,0.0067618786076861235,2.591283080011121,-0.3862466309230018,1.627758412035887,0.11268546194657518,,,,,,,,,alkane
98dfde7944bf44bea8000f1e4d6ea8e4,298.15,101.325,1,CC(C)CC(C)(C)C,1.0,0.6877900000000001,0.0,0.7052899053954301,0.00020656538520403707,0.0003062466888490002,0.03571428571428571,0.04821932532357388,0.004704041141553584,-1.6141117723923426,0.31831409444291037,-1.1991984216224092,-0.0773809601510108,,,,,,,,,alkane
6592c1fb6333488eb660fc3dafe00290,298.15,101.325,1,CC1CCCCC1,1.0,0.7667000000000003,0.0,0.7675027521744893,0.0002659048141388835,6.444110536468122e-07,0.03571428571428571,0.04821932532357388,9.89834737420181e-06,-0.09851316849995144,0.014601035383461823,-0.07025415158758562,-0.007273407382594395,,,,,,,,,alkane
87ff75ca440e4c8c8fe9335cb745f360,298.15,101.325,1,CCCCCCC,1.0,0.6796000000000002,0.0,0.6650208823188045,0.00021530414688133886,0.00021255067236215268,0.03571428571428571,0.04821932532357388,0.0032648421807082244,2.2267426155366277,-0.2349534504726561,1.142840063956757,0.08834675675622174,,,,,,,,,alkane
7adf507e0d3b42bf93a24110e357fafe,298.15,101.325,1,CCCCCCCCCC,1.0,0.7261500000000002,0.0,0.7252384246580978,0.00017909131535096142,8.309696039643637e-07,0.03571428571428571,0.04821932532357388,1.27639427519042e-05,0.07931350412738103,-0.015049245670428259,0.06277038947229319,0.005583999304326671,,,,,,,,,alkane
de7cf3d0de5741e5a35a443a439861e9,298.15,101.325,1,C1CCCCC1,1.0,0.7737800000000001,0.0,0.7600054451611735,0.00026785883629158735,0.00018973836100784168,0.03571428571428571,0.04821932532357388,0.002914438225165313,1.4838433892821332,-0.3378309024961081,1.4268930128736694,0.13113125572081247,,,,,,,,,alkane
