Id,Temperature (K),Pressure (kPa),N Components,Component 1,Mole Fraction 1,Reference EnthalpyOfVaporization Value (kJ / mol),Reference EnthalpyOfVaporization Uncertainty (kJ / mol),Estimated EnthalpyOfVaporization Value (kJ / mol),Estimated EnthalpyOfVaporization Uncertainty (kJ / mol),Delta^2,Weight,Denom,Term,d Term / d [#1:1]-[#6X4] epsilon,d Term / d [#1:1]-[#6X4] rmin_half,d Term / d [#6:1] epsilon,d Term / d [#6:1] rmin_half,d Term / d [#6X4:1] epsilon,d Term / d [#6X4:1] rmin_half,d Term / d [#8:1] epsilon,d Term / d [#8:1] rmin_half,d Term / d [#8X2H1+0:1] epsilon,d Term / d [#8X2H1+0:1] rmin_half,d Term / d [#8X2H0+0:1] epsilon,d Term / d [#8X2H0+0:1] rmin_half,Environment 1
44a094a1c4fb45fe88e49b08ac11c15e,298.15,101.325,1,C1CCCCC1,1.0,33.02,0.0,32.73229917429244,0.2823255467408483,0.08277176511281191,0.03571428571428571,25.6831695776047,4.481536591267953e-06,0.03602271614680782,-0.0009833624666660302,,,0.013590438740488328,0.0022446430093464,,,,,,,alkane
a47bd2a5b343439293299dfb113ab2b6,298.15,101.325,1,CCCCCC,1.0,31.55,0.0,29.049406312590154,0.29841413750966655,6.252968789513974,0.03571428571428571,25.6831695776047,0.00033855637119819973,0.33917449414800216,-0.0033022823761906703,,,0.09850831193826695,0.017318265638797518,,,,,,,alkane
5f2588d518fa4b3ca770debd4539df1c,298.15,101.325,1,CC1CCCCC1,1.0,35.38,0.0,36.870584341603696,0.3583811265088444,2.221841679434115,0.03571428571428571,25.6831695776047,0.00012029784278270731,-0.1947148860499914,0.004406969880922226,,,-0.07139841674604311,-0.012578940043466076,,,,,,,alkane
bdd784a45f7845ffb86c69f7c9491f41,298.15,101.325,1,CCCCCCC,1.0,36.58,0.0,35.159812219538644,0.32022662338177754,2.0169333317717486,0.03571428571428571,25.6831695776047,0.00010920342844161444,0.2270426479655662,-0.0026153936748545825,,,0.06948204433127748,0.013030854096432615,,,,,,,alkane
cf2c1c4f97df47efa288e70af17dea0e,298.15,101.325,1,CC(C)CC(C)(C)C,1.0,35.13,0.0,36.5801498134471,0.2421510217238725,2.1029344814406525,0.03571428571428571,25.6831695776047,0.00011385981457288772,-0.18842192697423193,0.0046375826635760495,,,-0.06283048927271004,-0.010660695677494378,,,,,,,alkane
deb81810e4c64cda9c8da9d9664747d2,298.15,101.325,1,CCCCCCCCCC,1.0,51.35,0.0,52.42820996561979,0.41728665397489806,1.1625367299618319,0.03571428571428571,25.6831695776047,6.29435760723014e-05,-0.20556196820530315,0.005374736026966163,,,-0.07637086236092507,-0.014544280443278044,,,,,,,alkane
