Id,Temperature (K),Pressure (kPa),N Components,Component 1,Mole Fraction 1,Reference Density Value (g / ml),Reference Density Uncertainty (g / ml),Estimated Density Value (g / ml),Estimated Density Uncertainty (g / ml),Delta^2,Weight,Denom,Term,d Term / d [#1:1]-[#6X4] epsilon,d Term / d [#1:1]-[#6X4] rmin_half,d Term / d [#6X4:1] epsilon,d Term / d [#6X4:1] rmin_half,d Term / d [#8X2H1+0:1] epsilon,d Term / d [#8X2H1+0:1] rmin_half,d Term / d [#6:1] epsilon,d Term / d [#6:1] rmin_half,d Term / d [#8:1] epsilon,d Term / d [#8:1] rmin_half,d Term / d [#8X2H0+0:1] epsilon,d Term / d [#8X2H0+0:1] rmin_half,Environment 1
6bce57dafd0a4f7db22c97be283f7072,298.15,101.325,1,CCCCCC,1.0,0.6549610000000001,0.0,0.6388641253258704,0.00023428001717326762,0.0002591093742746375,0.007874015748031496,0.04821932532357388,0.0008774798363096634,0.45087342562776545,-0.0690327283891738,0.27775762772834117,0.03430629312032881,,,,,,,,,alkane
98dfde7944bf44bea8000f1e4d6ea8e4,298.15,101.325,1,CC(C)CC(C)(C)C,1.0,0.6877900000000001,0.0,0.7051576244503722,0.0001880781435788316,0.0003016343790491628,0.007874015748031496,0.04821932532357388,0.0010214917399047334,-0.30351104035967397,0.07963088257499248,-0.24192320550068483,-0.020918749281000935,,,,,,,,,alkane
6592c1fb6333488eb660fc3dafe00290,298.15,101.325,1,CC1CCCCC1,1.0,0.7667000000000003,0.0,0.7626549367725951,0.00024390295228817515,1.6362536513705496e-05,0.007874015748031496,0.04821932532357388,5.5412105030360444e-05,0.0618985484589029,-0.018398838508073674,0.06125858664861656,0.006121255476655254,,,,,,,,,alkane
87ff75ca440e4c8c8fe9335cb745f360,298.15,101.325,1,CCCCCCC,1.0,0.6796000000000002,0.0,0.6670558784544439,0.00020457754717585072,0.0001573549853496894,0.007874015748031496,0.04821932532357388,0.0005328862653992766,0.2443565666021911,-0.050461703509716564,0.17579811554221358,0.018051488499222355,,,,,,,,,alkane
7adf507e0d3b42bf93a24110e357fafe,298.15,101.325,1,CCCCCCCCCC,1.0,0.7261500000000002,0.0,0.7217527291391063,0.0002067220958429567,1.933599102406676e-05,0.007874015748031496,0.04821932532357388,6.54817768989688e-05,0.08828917760935967,-0.016344456863233287,0.06309022441489599,0.0075821050505278246,,,,,,,,,alkane
de7cf3d0de5741e5a35a443a439861e9,298.15,101.325,1,C1CCCCC1,1.0,0.7737800000000001,0.0,0.7569613761187169,0.00027769883051309075,0.00028286610926006925,0.007874015748031496,0.04821932532357388,0.0009579325639835503,0.3952582968538119,-0.07418732327889797,0.29693707619777227,0.033245495683379055,,,,,,,,,alkane
