Id,Temperature (K),Pressure (kPa),N Components,Component 1,Mole Fraction 1,Reference EnthalpyOfVaporization Value (kJ / mol),Reference EnthalpyOfVaporization Uncertainty (kJ / mol),Estimated EnthalpyOfVaporization Value (kJ / mol),Estimated EnthalpyOfVaporization Uncertainty (kJ / mol),Delta^2,Weight,Denom,Term,d Term / d [#1:1]-[#6X4] epsilon,d Term / d [#1:1]-[#6X4] rmin_half,d Term / d [#6:1] epsilon,d Term / d [#6:1] rmin_half,d Term / d [#6X4:1] epsilon,d Term / d [#6X4:1] rmin_half,d Term / d [#8:1] epsilon,d Term / d [#8:1] rmin_half,d Term / d [#8X2H1+0:1] epsilon,d Term / d [#8X2H1+0:1] rmin_half,d Term / d [#8X2H0+0:1] epsilon,d Term / d [#8X2H0+0:1] rmin_half,Environment 1
055bb046803c41e199b4713916d63357,298.15,101.325,1,C1COCCO1,1.0,38.64,0.0,49.45093586302237,0.24890595292882153,116.8763342343833,0.03571428571428571,25.6831695776047,0.006328070542059484,,,,,-0.40735848612746745,-0.05061921776850156,,,,,-0.10118718689057042,-0.005304435338649558,ether
b1f47515d3614067b49215bb7022e4ed,298.15,101.325,1,C1CCOCC1,1.0,34.94,0.0,37.743880401288045,0.2689363805751782,7.861745304727223,0.03571428571428571,25.6831695776047,0.00042566084227326124,-0.16953392762248157,0.0052016045427663235,,,-0.1068900469682293,-0.015722874430441004,,,,,-0.011985032809682605,-0.0024027950368802377,ether
29bbe7dd6eca44b48906aaf9b4eb4235,298.15,101.325,1,COC(C)(C)C,1.0,32.42,0.0,30.063663780493002,0.2537211004659554,5.55232037936054,0.03571428571428571,25.6831695776047,0.00030062095344509564,0.1874011178924001,-0.004716337280588507,,,0.07323219300760972,0.009187799170393134,,,,,0.008230185605711838,0.002116222634527116,ether
16da8f9ca25f46a5adb5d65fe9238ed2,298.15,101.325,1,CC(C)OC(C)C,1.0,32.12,0.0,32.844387425669815,0.21044186000154677,0.5247371424685457,0.03571428571428571,25.6831695776047,2.8411001040814736e-05,-0.08477366072713241,0.0017885791239844974,,,-0.029191767833819875,-0.004734336145043085,,,,,-0.0023404032793770528,-0.0006811939702005688,ether
bb09c2d9541843a8bb9b84ccf9fd4d26,298.15,101.325,1,CCCCOCCCC,1.0,44.99,0.0,47.89584868570996,0.35929021138443945,8.443956584242274,0.03571428571428571,25.6831695776047,0.00045718368281483343,-0.3701289790013098,0.008619305663679853,,,-0.15840726669701205,-0.027825553928760502,,,,,-0.011027593412807558,-0.003949826006844304,ether
