Id,Temperature (K),Pressure (kPa),N Components,Component 1,Mole Fraction 1,Reference EnthalpyOfVaporization Value (kJ / mol),Reference EnthalpyOfVaporization Uncertainty (kJ / mol),Estimated EnthalpyOfVaporization Value (kJ / mol),Estimated EnthalpyOfVaporization Uncertainty (kJ / mol),Environment 1
5de7210f48ea4d19be2842fc37982dc5,298.15,101.325,1,CCCCO,1.0,52.42,0.0,54.61031750062278,0.2763231927515998,alcohol
09f294796c93430a85ff810dcbcd048f,298.15,101.325,1,CCCO,1.0,47.5,0.0,48.68192596808217,0.23037211556231327,alcohol
a06a99f886784088ba7caed942c5fa6f,298.15,101.325,1,CC(C)(C)O,1.0,46.75,0.0,52.59317405403763,0.2316817109142043,alcohol
a88074bee77848ac8905af045630488d,298.15,101.325,1,CC(C)CO,1.0,50.89,0.0,53.29465685815537,0.23645905832343705,alcohol
0a5fb66f38ae4317ac7e1569893b5f4e,298.15,101.325,1,CO,1.0,37.83,0.0,36.00289627007109,0.09324893084915968,alcohol
f5943cdf0562498e9772f6f7c297df93,298.15,101.325,1,CC(C)O,1.0,45.48,0.0,48.56349957543036,0.2300208017835449,alcohol
771f878b50e648fa9c9871eb622b3991,298.15,101.325,1,CCO,1.0,42.46,0.0,42.89009343845017,0.17529714661075346,alcohol
