Id,Temperature (K),Pressure (kPa),N Components,Component 1,Mole Fraction 1,Reference Density Value (g / ml),Reference Density Uncertainty (g / ml),Estimated Density Value (g / ml),Estimated Density Uncertainty (g / ml),Delta^2,Weight,Denom,Term,d Term / d [#1:1]-[#6X4] epsilon,d Term / d [#1:1]-[#6X4] rmin_half,d Term / d [#6X4:1] epsilon,d Term / d [#6X4:1] rmin_half,d Term / d [#8X2H1+0:1] epsilon,d Term / d [#8X2H1+0:1] rmin_half,d Term / d [#6:1] epsilon,d Term / d [#6:1] rmin_half,d Term / d [#8:1] epsilon,d Term / d [#8:1] rmin_half,d Term / d [#8X2H0+0:1] epsilon,d Term / d [#8X2H0+0:1] rmin_half,Environment 1
6bce57dafd0a4f7db22c97be283f7072,298.15,101.325,1,CCCCCC,1.0,0.6549610000000001,0.0,0.6335603995100573,0.00022839075129074554,0.0004579857013301424,0.007874015748031496,0.04821932532357388,0.0015509790773118948,0.655264824275985,-0.08635170644215606,0.3788286452324384,0.04803337006881316,,,,,,,,,alkane
98dfde7944bf44bea8000f1e4d6ea8e4,298.15,101.325,1,CC(C)CC(C)(C)C,1.0,0.6877900000000001,0.0,0.7038868734650681,0.00020785402527007113,0.00025910933535040835,0.007874015748031496,0.04821932532357388,0.0008774797044918689,-0.4397318079138883,0.06826129379116438,-0.2575581463091995,-0.023045020482037347,,,,,,,,,alkane
6592c1fb6333488eb660fc3dafe00290,298.15,101.325,1,CC1CCCCC1,1.0,0.7667000000000003,0.0,0.7609467502150165,0.00024721842446756977,3.3099883088416326e-05,0.007874015748031496,0.04821932532357388,0.00011209351292519224,0.10454707696236096,-0.031351603427459976,0.10823935489285301,0.011809076521811308,,,,,,,,,alkane
87ff75ca440e4c8c8fe9335cb745f360,298.15,101.325,1,CCCCCCC,1.0,0.6796000000000002,0.0,0.6637415876747406,0.0002485578417771981,0.0002514892414779469,0.007874015748031496,0.04821932532357388,0.0008516740818948858,0.42849908406090537,-0.07950099120351843,0.2983752627752028,0.031362093264517416,,,,,,,,,alkane
7adf507e0d3b42bf93a24110e357fafe,298.15,101.325,1,CCCCCCCCCC,1.0,0.7261500000000002,0.0,0.7200017050883712,0.00020424620254645497,3.780153032036228e-05,0.007874015748031496,0.04821932532357388,0.00012801574906590738,0.1351150487450237,-0.028593041171404845,0.10682474353867406,0.012649459896860994,,,,,,,,,alkane
de7cf3d0de5741e5a35a443a439861e9,298.15,101.325,1,C1CCCCC1,1.0,0.7737800000000001,0.0,0.7545066650985676,0.00023829472167479518,0.0003714614382227788,0.007874015748031496,0.04821932532357388,0.0012579626766478634,0.44252362763957087,-0.08508332624436546,0.34776257232310326,0.04126104100542247,,,,,,,,,alkane
