Id,Temperature (K),Pressure (kPa),N Components,Component 1,Mole Fraction 1,Reference Density Value (g / ml),Reference Density Uncertainty (g / ml),Estimated Density Value (g / ml),Estimated Density Uncertainty (g / ml),Delta^2,Weight,Denom,Term,d Term / d [#1:1]-[#6X4] epsilon,d Term / d [#1:1]-[#6X4] rmin_half,d Term / d [#6X4:1] epsilon,d Term / d [#6X4:1] rmin_half,d Term / d [#8X2H1+0:1] epsilon,d Term / d [#8X2H1+0:1] rmin_half,d Term / d [#6:1] epsilon,d Term / d [#6:1] rmin_half,d Term / d [#8:1] epsilon,d Term / d [#8:1] rmin_half,d Term / d [#8X2H0+0:1] epsilon,d Term / d [#8X2H0+0:1] rmin_half,Environment 1
6bce57dafd0a4f7db22c97be283f7072,298.15,101.325,1,CCCCCC,1.0,0.6549610000000001,0.0,0.6390433631111934,0.0002513172633117701,0.00025337116412390187,0.007874015748031496,0.04821932532357388,0.0008580472560802769,0.4165161468543707,-0.07631020564790693,0.27696358432396223,0.026533307504748544,,,,,,,,,alkane
98dfde7944bf44bea8000f1e4d6ea8e4,298.15,101.325,1,CC(C)CC(C)(C)C,1.0,0.6877900000000001,0.0,0.7048545700891012,0.0001871760842642975,0.00029119955232584447,0.007874015748031496,0.04821932532357388,0.0009861539599778986,-0.2910468486281583,0.08376124895764742,-0.25110032344103456,-0.02162873709289177,,,,,,,,,alkane
6592c1fb6333488eb660fc3dafe00290,298.15,101.325,1,CC1CCCCC1,1.0,0.7667000000000003,0.0,0.7637832251533522,0.0002019982473842402,8.507575506039022e-06,0.007874015748031496,0.04821932532357388,2.8811099495453278e-05,0.04895818497455423,-0.0133355075274769,0.0474483878841006,0.00546715944039293,,,,,,,,,alkane
87ff75ca440e4c8c8fe9335cb745f360,298.15,101.325,1,CCCCCCC,1.0,0.6796000000000002,0.0,0.6673226967473432,0.00018623789324893786,0.00015073217515770138,0.007874015748031496,0.04821932532357388,0.0005104579668498925,0.27792293218592323,-0.05347353355894883,0.19762582303185963,0.02221930187732567,,,,,,,,,alkane
7adf507e0d3b42bf93a24110e357fafe,298.15,101.325,1,CCCCCCCCCC,1.0,0.7261500000000002,0.0,0.7225342010747465,0.00021033325678934157,1.3074001867865485e-05,0.007874015748031496,0.04821932532357388,4.427540705944182e-05,0.06352139024860397,-0.015375715342573811,0.05382249013451134,0.0060281769939252,,,,,,,,,alkane
de7cf3d0de5741e5a35a443a439861e9,298.15,101.325,1,C1CCCCC1,1.0,0.7737800000000001,0.0,0.7579858906008081,0.00024230985882697477,0.0002494538917136455,0.007874015748031496,0.04821932532357388,0.0008447813232557518,0.2968822301296475,-0.0726407171146571,0.2632593651241143,0.026772764376257405,,,,,,,,,alkane
