Id,Temperature (K),Pressure (kPa),N Components,Component 1,Mole Fraction 1,Reference Density Value (g / ml),Reference Density Uncertainty (g / ml),Estimated Density Value (g / ml),Estimated Density Uncertainty (g / ml),Delta^2,Weight,Denom,Term,d Term / d [#1:1]-[#6X4] epsilon,d Term / d [#1:1]-[#6X4] rmin_half,d Term / d [#6X4:1] epsilon,d Term / d [#6X4:1] rmin_half,d Term / d [#8X2H1+0:1] epsilon,d Term / d [#8X2H1+0:1] rmin_half,d Term / d [#6:1] epsilon,d Term / d [#6:1] rmin_half,d Term / d [#8:1] epsilon,d Term / d [#8:1] rmin_half,d Term / d [#8X2H0+0:1] epsilon,d Term / d [#8X2H0+0:1] rmin_half,Environment 1
0b24264e4f7041f1b0599746a6bcbe94,298.15,101.325,1,O=C1CCCCCC1,1.0,0.9476200000000002,0.0,0.9206012700511248,0.00024026580890803962,0.0007300117680502587,0.007874015748031496,0.04821932532357388,0.0024722015887156203,0.015558502978967673,-0.12304900858716473,0.27232351482623696,0.0014630344316787277,,,0.0508809977695409,0.002790621161043978,0.014841173975797702,-0.02832962222719932,,,ketone
a5717fa9521e409f9a64b296b86f1259,298.15,101.325,1,O=C1CCCCC1,1.0,0.9430000000000002,0.0,0.913050136099445,0.00025160371178256804,0.0008969943476617799,0.007874015748031496,0.04821932532357388,0.0030376919228043363,0.04302150107379344,-0.12609108480632628,0.29130358410471346,0.005008820722842774,,,0.0634172890861425,0.0029483344927955764,0.02251893168512948,-0.02660780476960641,,,ketone
7bd17fead51341e48da1d3a641e5f6c2,298.15,101.325,1,CCCC(C)=O,1.0,0.8019900000000002,0.0,0.7720009695781066,0.00020233662336768753,0.00089934194564526,0.007874015748031496,0.04821932532357388,0.0030456421171963055,0.23309438094512736,-0.11598793880545491,0.2796584962074728,0.012329298362560769,,,0.07873235920395713,0.010756653548693575,0.028097907189397392,-0.01665114332282736,,,ketone
11a3bedec99f4bdeb7a86cb925bace53,298.15,101.325,1,O=C1CCCC1,1.0,0.9453,0.0,0.9076142178450526,0.0002623526268986203,0.0014202181766301554,0.007874015748031496,0.04821932532357388,0.00480960141500917,0.2005189140111567,-0.17576347606834777,0.4553349095501899,0.010700898689323841,,,0.12396912168007115,0.009169548529546585,0.04003132531951338,-0.051497348744452554,,,ketone
