Id,Temperature (K),Pressure (kPa),N Components,Component 1,Mole Fraction 1,Reference Density Value (g / ml),Reference Density Uncertainty (g / ml),Estimated Density Value (g / ml),Estimated Density Uncertainty (g / ml),Delta^2,Weight,Denom,Term,d Term / d [#1:1]-[#6X4] epsilon,d Term / d [#1:1]-[#6X4] rmin_half,d Term / d [#6X4:1] epsilon,d Term / d [#6X4:1] rmin_half,d Term / d [#8X2H1+0:1] epsilon,d Term / d [#8X2H1+0:1] rmin_half,d Term / d [#6:1] epsilon,d Term / d [#6:1] rmin_half,d Term / d [#8:1] epsilon,d Term / d [#8:1] rmin_half,d Term / d [#8X2H0+0:1] epsilon,d Term / d [#8X2H0+0:1] rmin_half,Environment 1
6bce57dafd0a4f7db22c97be283f7072,298.15,101.325,1,CCCCCC,1.0,0.6549610000000001,0.0,0.6342769389856672,0.0002354951208965901,0.00042783038004464845,0.03571428571428571,0.04821932532357388,0.006571603163777692,2.9842672091458007,-0.33501292328260557,1.5903246255477572,0.1653904245095689,,,,,,,,,alkane
98dfde7944bf44bea8000f1e4d6ea8e4,298.15,101.325,1,CC(C)CC(C)(C)C,1.0,0.6877900000000001,0.0,0.7045953770269462,0.00026500788216539997,0.0002824206970178066,0.03571428571428571,0.04821932532357388,0.004338066749361818,-1.4126270680514925,0.38144450164861693,-1.2591868226662721,-0.08282458648294688,,,,,,,,,alkane
6592c1fb6333488eb660fc3dafe00290,298.15,101.325,1,CC1CCCCC1,1.0,0.7667000000000003,0.0,0.765017902920793,0.00023434773030279774,2.8294505838777326e-06,0.03571428571428571,0.04821932532357388,4.346121097530071e-05,0.13792471310312393,-0.0331449054899395,0.13514654183472147,0.015532991073388501,,,,,,,,,alkane
87ff75ca440e4c8c8fe9335cb745f360,298.15,101.325,1,CCCCCCC,1.0,0.6796000000000002,0.0,0.6649394135959042,0.00022004300902522957,0.00021493279371196313,0.03571428571428571,0.04821932532357388,0.003301432280264229,1.7189148665633933,-0.2826530967035423,1.17185843644734,0.10976445480496165,,,,,,,,,alkane
7adf507e0d3b42bf93a24110e357fafe,298.15,101.325,1,CCCCCCCCCC,1.0,0.7261500000000002,0.0,0.7230836419496539,0.00023541651941279024,9.402551692923402e-06,0.03571428571428571,0.04821932532357388,0.00014442601866270071,0.2918128870030504,-0.061403688130201604,0.23957276857002938,0.02330363729903108,,,,,,,,,alkane
de7cf3d0de5741e5a35a443a439861e9,298.15,101.325,1,C1CCCCC1,1.0,0.7737800000000001,0.0,0.7581549123229161,0.0002644212088008905,0.00024414336491656343,0.03571428571428571,0.04821932532357388,0.0037501154292352576,1.3729577438800575,-0.3485725737153726,1.3720211276679037,0.12994124256182182,,,,,,,,,alkane
