Id,Temperature (K),Pressure (kPa),N Components,Component 1,Mole Fraction 1,Reference EnthalpyOfVaporization Value (kJ / mol),Reference EnthalpyOfVaporization Uncertainty (kJ / mol),Estimated EnthalpyOfVaporization Value (kJ / mol),Estimated EnthalpyOfVaporization Uncertainty (kJ / mol),Delta^2,Weight,Denom,Term,d Term / d [#1:1]-[#6X4] epsilon,d Term / d [#1:1]-[#6X4] rmin_half,d Term / d [#6:1] epsilon,d Term / d [#6:1] rmin_half,d Term / d [#6X4:1] epsilon,d Term / d [#6X4:1] rmin_half,d Term / d [#8:1] epsilon,d Term / d [#8:1] rmin_half,d Term / d [#8X2H1+0:1] epsilon,d Term / d [#8X2H1+0:1] rmin_half,d Term / d [#8X2H0+0:1] epsilon,d Term / d [#8X2H0+0:1] rmin_half,Environment 1
44a094a1c4fb45fe88e49b08ac11c15e,298.15,101.325,1,C1CCCCC1,1.0,33.02,0.0,32.9357604406371,0.2552711497743352,0.00709630336165663,0.03571428571428571,25.6831695776047,3.842172887657726e-07,0.008631815218393922,-0.0003021163260646919,,,0.0035510917749258086,0.0006071836661556021,,,,,,,alkane
a47bd2a5b343439293299dfb113ab2b6,298.15,101.325,1,CCCCCC,1.0,31.55,0.0,30.36297430852061,0.3019414607552932,1.409029992232127,0.03571428571428571,25.6831695776047,7.628953496129878e-05,0.14423205848323403,-0.002762469752416376,,,0.04688642568912349,0.008257428441473761,,,,,,,alkane
5f2588d518fa4b3ca770debd4539df1c,298.15,101.325,1,CC1CCCCC1,1.0,35.38,0.0,36.01588029849284,0.31576580266169446,0.4043437540113382,0.03571428571428571,25.6831695776047,2.189250557340084e-05,-0.0768866776830116,0.0021399450309360726,,,-0.030457879486846817,-0.005675188409442117,,,,,,,alkane
bdd784a45f7845ffb86c69f7c9491f41,298.15,101.325,1,CCCCCCC,1.0,36.58,0.0,35.038397983507785,0.32061583287893636,2.3765367772528574,0.03571428571428571,25.6831695776047,0.00012867354602426063,0.23919748333027305,-0.002201920462487549,,,0.07546280789556999,0.015142691937072164,,,,,,,alkane
cf2c1c4f97df47efa288e70af17dea0e,298.15,101.325,1,CC(C)CC(C)(C)C,1.0,35.13,0.0,37.05310217040469,0.32667446297802344,3.6983219578152275,0.03571428571428571,25.6831695776047,0.00020023935888825479,-0.2606366489399147,0.007859184977456732,,,-0.09223680540128004,-0.015775667454514603,,,,,,,alkane
deb81810e4c64cda9c8da9d9664747d2,298.15,101.325,1,CCCCCCCCCC,1.0,51.35,0.0,53.1411138050884,0.41181031766597564,3.208088662778249,0.03571428571428571,25.6831695776047,0.00017369651004394503,-0.3419584961823765,0.009676181614252976,,,-0.13037967071869122,-0.025150419007464005,,,,,,,alkane
