Id,Temperature (K),Pressure (kPa),N Components,Component 1,Mole Fraction 1,Reference Density Value (g / ml),Reference Density Uncertainty (g / ml),Estimated Density Value (g / ml),Estimated Density Uncertainty (g / ml),Delta^2,Weight,Denom,Term,d Term / d [#1:1]-[#6X4] epsilon,d Term / d [#1:1]-[#6X4] rmin_half,d Term / d [#6X4:1] epsilon,d Term / d [#6X4:1] rmin_half,d Term / d [#8X2H1+0:1] epsilon,d Term / d [#8X2H1+0:1] rmin_half,d Term / d [#6:1] epsilon,d Term / d [#6:1] rmin_half,d Term / d [#8:1] epsilon,d Term / d [#8:1] rmin_half,d Term / d [#8X2H0+0:1] epsilon,d Term / d [#8X2H0+0:1] rmin_half,Environment 1
0b24264e4f7041f1b0599746a6bcbe94,298.15,101.325,1,O=C1CCCCCC1,1.0,0.9476200000000002,0.0,0.9207861534136941,0.0002584495065583255,0.000720055322617415,0.007874015748031496,0.04821932532357388,0.002438483857996323,-0.09339830485153743,-0.13958206487496344,0.282088462680305,0.0012813723779925002,,,0.053933053445189054,0.003954103811170479,0.014915192087605217,-0.030680771491717364,,,ketone
a5717fa9521e409f9a64b296b86f1259,298.15,101.325,1,O=C1CCCCC1,1.0,0.9430000000000002,0.0,0.9131261825426789,0.00022131747665695307,0.0008924449694733558,0.007874015748031496,0.04821932532357388,0.0030222853492704203,0.24714498314721134,-0.12285748752914803,0.3544828137453239,0.021966179241923362,,,0.07237964307724475,0.004296798440551011,0.022433826294428364,-0.0345770826203859,,,ketone
7bd17fead51341e48da1d3a641e5f6c2,298.15,101.325,1,CCCC(C)=O,1.0,0.8019900000000002,0.0,0.7718125368123049,0.0002331226618760567,0.0009106792844447061,0.007874015748031496,0.04821932532357388,0.0030840362749598943,0.10386456790917625,-0.13307858951997628,0.26374003839202775,-0.0030686881492909017,,,0.07365556766898652,0.007862677988205563,0.01996550944302873,-0.030118136204743014,,,ketone
11a3bedec99f4bdeb7a86cb925bace53,298.15,101.325,1,O=C1CCCC1,1.0,0.9453,0.0,0.9077408627337373,0.0002459762450978354,0.0014106887921859635,0.007874015748031496,0.04821932532357388,0.004777329936118722,0.19139205875862556,-0.16763481922280676,0.4374175551078629,0.009538673849982159,,,0.11892916352081638,0.006582284088674871,0.04060407255771763,-0.047760679655393115,,,ketone
