Id,Temperature (K),Pressure (kPa),N Components,Component 1,Mole Fraction 1,Reference Density Value (g / ml),Reference Density Uncertainty (g / ml),Estimated Density Value (g / ml),Estimated Density Uncertainty (g / ml),Delta^2,Weight,Denom,Term,d Term / d [#1:1]-[#6X4] epsilon,d Term / d [#1:1]-[#6X4] rmin_half,d Term / d [#6X4:1] epsilon,d Term / d [#6X4:1] rmin_half,d Term / d [#8X2H1+0:1] epsilon,d Term / d [#8X2H1+0:1] rmin_half,d Term / d [#6:1] epsilon,d Term / d [#6:1] rmin_half,d Term / d [#8:1] epsilon,d Term / d [#8:1] rmin_half,d Term / d [#8X2H0+0:1] epsilon,d Term / d [#8X2H0+0:1] rmin_half,Environment 1
c9baf2c4d6454369a7a204c872e6f1b0,298.15,101.325,1,C1CCOCC1,1.0,0.8788100000000002,0.0,0.8892496757878785,0.00020230282994909788,0.0001089868305560124,0.007874015748031496,0.04821932532357388,0.00036908640030458253,-0.04611238664402364,0.031281110639349116,-0.13532453103132822,-0.004893257115972582,,,,,,,-0.012893161541104956,0.002485752109150831,ether
efcc795e1d64433d8e9a6c1c9c5a299f,298.15,101.325,1,CCCCOCCCC,1.0,0.7640700000000002,0.0,0.7687573962460647,0.0001816798388782708,2.1971683567618643e-05,0.007874015748031496,0.04821932532357388,7.440761012346317e-05,-0.045746179940574144,0.017695952299227893,-0.06441159663560593,-0.004890565147141202,,,,,,,-0.004631266298973029,-0.0008859527656828453,ether
34ae4b32490945aa8994d7ced26dbf30,298.15,101.325,1,COC(C)(C)C,1.0,0.7352700000000002,0.0,0.7489118945857304,0.0002164410487979413,0.00018610128788817425,0.007874015748031496,0.04821932532357388,0.000630236277982155,-0.19541828633674307,0.05016372962341472,-0.18705725227971556,-0.005803970737485116,,,,,,,-0.02127817858523993,-0.0030710908811032245,ether
2c5bfd43a3594e59924cefca8964d47d,298.15,101.325,1,CC(C)OC(C)C,1.0,0.7184600000000002,0.0,0.7367991944143067,0.00020774281480208918,0.0003363260517657321,0.007874015748031496,0.04821932532357388,0.0011389758848989555,-0.2864010063504393,0.07915762861408243,-0.26368107739395324,-0.016620259976456494,,,,,,,-0.02238834129114747,-0.0047062987529264445,ether
a586bf1dde484f718e6a2147ec6819ce,298.15,101.325,1,C1COCCO1,1.0,1.02787,0.0,1.0675167936627927,0.00025778045557190777,0.001571868247740057,0.007874015748031496,0.04821932532357388,0.005323167857544826,,,-0.4092182906855477,0.05346771871323042,,,,,,,-0.10957809325995876,0.042991268187879815,ether
