Id,Temperature (K),Pressure (kPa),N Components,Component 1,Mole Fraction 1,Reference Density Value (g / ml),Reference Density Uncertainty (g / ml),Estimated Density Value (g / ml),Estimated Density Uncertainty (g / ml),Delta^2,Weight,Denom,Term,d Term / d [#1:1]-[#6X4] epsilon,d Term / d [#1:1]-[#6X4] rmin_half,d Term / d [#6X4:1] epsilon,d Term / d [#6X4:1] rmin_half,d Term / d [#8X2H1+0:1] epsilon,d Term / d [#8X2H1+0:1] rmin_half,d Term / d [#6:1] epsilon,d Term / d [#6:1] rmin_half,d Term / d [#8:1] epsilon,d Term / d [#8:1] rmin_half,d Term / d [#8X2H0+0:1] epsilon,d Term / d [#8X2H0+0:1] rmin_half,Environment 1
c9baf2c4d6454369a7a204c872e6f1b0,298.15,101.325,1,C1CCOCC1,1.0,0.8788100000000002,0.0,0.8886029492745533,0.00024134456865932237,9.590185549397005e-05,0.03571428571428571,0.04821932532357388,0.001473081310659972,-0.21162658037920676,0.12294407143938808,-0.615116404205151,-0.0010109562758946616,,,,,,,-0.0676702909966147,0.005039516672114416,ether
efcc795e1d64433d8e9a6c1c9c5a299f,298.15,101.325,1,CCCCOCCCC,1.0,0.7640700000000002,0.0,0.7681249498760889,0.0001839993584602182,1.6442618497591568e-05,0.03571428571428571,0.04821932532357388,0.00025256355971795593,-0.2877849726030236,0.05307583320436762,-0.25688799423838826,-0.019090559146682517,,,,,,,-0.013989358777770716,0.0005130919615851572,ether
34ae4b32490945aa8994d7ced26dbf30,298.15,101.325,1,COC(C)(C)C,1.0,0.7352700000000002,0.0,0.7452440717141134,0.0002750492218994614,9.948210655827386e-05,0.03571428571428571,0.04821932532357388,0.0015280750425656913,-0.9716788235813134,0.11152055601893962,-0.6009048105743029,-0.017209784751378993,,,,,,,-0.06763126933315301,-0.011161907536006946,ether
2c5bfd43a3594e59924cefca8964d47d,298.15,101.325,1,CC(C)OC(C)C,1.0,0.7184600000000002,0.0,0.7337602353537366,0.0002461303430298215,0.00023409720187972426,0.03571428571428571,0.04821932532357388,0.003595803346980067,-1.4481501549598528,0.2612178241689752,-1.102659213741548,-0.0694074847263461,,,,,,,-0.09269591086405782,-0.018444356965345167,ether
a586bf1dde484f718e6a2147ec6819ce,298.15,101.325,1,C1COCCO1,1.0,1.02787,0.0,1.0636595971840566,0.000305612119432154,0.0012808952665970248,0.03571428571428571,0.04821932532357388,0.01967493609396889,,,-1.4252861649651178,0.23921740410144626,,,,,,,-0.40773432474630633,0.12118957927362416,ether
