Id,Temperature (K),Pressure (kPa),N Components,Component 1,Mole Fraction 1,Reference Density Value (g / ml),Reference Density Uncertainty (g / ml),Estimated Density Value (g / ml),Estimated Density Uncertainty (g / ml),Delta^2,Weight,Denom,Term,d Term / d [#1:1]-[#6X4] epsilon,d Term / d [#1:1]-[#6X4] rmin_half,d Term / d [#6X4:1] epsilon,d Term / d [#6X4:1] rmin_half,d Term / d [#8X2H1+0:1] epsilon,d Term / d [#8X2H1+0:1] rmin_half,d Term / d [#6:1] epsilon,d Term / d [#6:1] rmin_half,d Term / d [#8:1] epsilon,d Term / d [#8:1] rmin_half,d Term / d [#8X2H0+0:1] epsilon,d Term / d [#8X2H0+0:1] rmin_half,Environment 1
c9baf2c4d6454369a7a204c872e6f1b0,298.15,101.325,1,C1CCOCC1,1.0,0.8788100000000002,0.0,0.8872386339618378,0.0002498335766652657,7.104187046264173e-05,0.007874015748031496,0.04821932532357388,0.0002405849230241185,-0.06693868749026735,0.030565013203763848,-0.13958380671284498,-0.011698533255322194,,,,,,,-0.014800977413986496,-0.0007633314230565399,ether
efcc795e1d64433d8e9a6c1c9c5a299f,298.15,101.325,1,CCCCOCCCC,1.0,0.7640700000000002,0.0,0.7671972327777943,0.00020758238434313072,9.779584846509372e-06,0.007874015748031496,0.04821932532357388,3.311878828897887e-05,-0.03779912099036466,0.013185404798644692,-0.044540782519665506,-0.003215699566955097,,,,,,,-0.002924323653060404,-0.0002049744034327025,ether
34ae4b32490945aa8994d7ced26dbf30,298.15,101.325,1,COC(C)(C)C,1.0,0.7352700000000002,0.0,0.7492901454052245,0.00023711552186788109,0.0001965644771836331,0.007874015748031496,0.04821932532357388,0.0006656701084097829,-0.17253205318031523,0.05004192573330984,-0.17243742249685878,-0.0076690769485397645,,,,,,,-0.018361977172885485,-0.001561580896721485,ether
2c5bfd43a3594e59924cefca8964d47d,298.15,101.325,1,CC(C)OC(C)C,1.0,0.7184600000000002,0.0,0.7369931847307583,0.00024527043677805894,0.00034347893626440317,0.007874015748031496,0.04821932532357388,0.0011631992922403788,-0.2565220994232425,0.08887816319018131,-0.2576921017956911,-0.016187280478891335,,,,,,,-0.024028471837525982,-0.007288703115071457,ether
a586bf1dde484f718e6a2147ec6819ce,298.15,101.325,1,C1COCCO1,1.0,1.02787,0.0,1.0751901365019996,0.0002580742839339075,0.0022391953185678663,0.007874015748031496,0.04821932532357388,0.007583086282010375,,,-0.5953666180144254,0.03822622182328347,,,,,,,-0.14598976220207424,0.06194717679133121,ether
