Id,Temperature (K),Pressure (kPa),N Components,Component 1,Mole Fraction 1,Reference Density Value (g / ml),Reference Density Uncertainty (g / ml),Estimated Density Value (g / ml),Estimated Density Uncertainty (g / ml),Environment 1
70a00988a9374ff09cc9faacbbcca2f0,298.15,101.325,1,C1CCOCC1,1.0,0.8788100000000002,0.0,0.888775016467252,0.00033279308109414145,ether
f8b81a57e5ad40bfa5634bc292046429,298.15,101.325,1,COC(C)(C)C,1.0,0.7352700000000002,0.0,0.7450385158173549,0.00024565521781325686,ether
81959dc28553447aa1c60a9a1a523288,298.15,101.325,1,CC(C)OC(C)C,1.0,0.7184600000000002,0.0,0.7332687496254504,0.00024021430281919608,ether
08a553d925bf419f810acfd2ba8c9bc3,298.15,101.325,1,C1COCCO1,1.0,1.02787,0.0,1.0689743341250835,0.00037326041213974197,ether
