Id,Temperature (K),Pressure (kPa),N Components,Component 1,Mole Fraction 1,Reference Density Value (g / ml),Reference Density Uncertainty (g / ml),Estimated Density Value (g / ml),Estimated Density Uncertainty (g / ml),Delta^2,Weight,Denom,Term,d Term / d [#1:1]-[#6X4] epsilon,d Term / d [#1:1]-[#6X4] rmin_half,d Term / d [#6X4:1] epsilon,d Term / d [#6X4:1] rmin_half,d Term / d [#8X2H1+0:1] epsilon,d Term / d [#8X2H1+0:1] rmin_half,d Term / d [#6:1] epsilon,d Term / d [#6:1] rmin_half,d Term / d [#8:1] epsilon,d Term / d [#8:1] rmin_half,d Term / d [#8X2H0+0:1] epsilon,d Term / d [#8X2H0+0:1] rmin_half,Environment 1
0b24264e4f7041f1b0599746a6bcbe94,298.15,101.325,1,O=C1CCCCCC1,1.0,0.9476200000000002,0.0,0.9378151070682081,0.00017347299377010013,9.613592540390663e-05,0.03571428571428571,0.04821932532357388,0.0014766766947945066,0.12577259200005148,-0.2109091909892498,0.430696686488044,0.03930706255604623,,,0.07430398747823515,0.005023349725472606,0.02608002595340817,-0.033496186761266054,,,ketone
a5717fa9521e409f9a64b296b86f1259,298.15,101.325,1,O=C1CCCCC1,1.0,0.9430000000000002,0.0,0.931186389391911,0.00026399830127040336,0.00013956139559955684,0.03571428571428571,0.04821932532357388,0.0021437049626245913,0.31905948020364294,-0.22944745784665574,0.5148895213933943,0.04155896282271809,,,0.09822302211123562,-0.0006307174827690498,0.03596565256075584,-0.05785689202961178,,,ketone
7bd17fead51341e48da1d3a641e5f6c2,298.15,101.325,1,CCCC(C)=O,1.0,0.8019900000000002,0.0,0.7902636872409416,0.00025205779603738334,0.00013750641092325944,0.03571428571428571,0.04821932532357388,0.002112139780650228,0.544880383251615,-0.27303565644674743,0.5834087067511993,0.06180740601325491,,,0.14412496431525193,0.013773559185611954,0.0467619363653336,-0.04964148938818852,,,ketone
11a3bedec99f4bdeb7a86cb925bace53,298.15,101.325,1,O=C1CCCC1,1.0,0.9453,0.0,0.9283961073190734,0.0002608248070734202,0.0002857415877682847,0.03571428571428571,0.04821932532357388,0.00438907662893167,0.25619533993269233,-0.4361468997338674,0.901669949634314,0.06239179143616373,,,0.2273125505922067,0.0045913933275437335,0.0738949702894025,-0.11259806406119725,,,ketone
