Id,Temperature (K),Pressure (kPa),N Components,Component 1,Mole Fraction 1,Reference Density Value (g / ml),Reference Density Uncertainty (g / ml),Estimated Density Value (g / ml),Estimated Density Uncertainty (g / ml),Delta^2,Weight,Denom,Term,d Term / d [#1:1]-[#6X4] epsilon,d Term / d [#1:1]-[#6X4] rmin_half,d Term / d [#6X4:1] epsilon,d Term / d [#6X4:1] rmin_half,d Term / d [#8X2H1+0:1] epsilon,d Term / d [#8X2H1+0:1] rmin_half,d Term / d [#6:1] epsilon,d Term / d [#6:1] rmin_half,d Term / d [#8:1] epsilon,d Term / d [#8:1] rmin_half,d Term / d [#8X2H0+0:1] epsilon,d Term / d [#8X2H0+0:1] rmin_half,Environment 1
6bce57dafd0a4f7db22c97be283f7072,298.15,101.325,1,CCCCCC,1.0,0.6549610000000001,0.0,0.6400591957766574,0.00022965649767031198,0.00022206376911083588,0.007874015748031496,0.04821932532357388,0.0007520240451167512,0.349361550409958,-0.056905275737542775,0.21901957181734952,0.02355566376355646,,,,,,,,,alkane
98dfde7944bf44bea8000f1e4d6ea8e4,298.15,101.325,1,CC(C)CC(C)(C)C,1.0,0.6877900000000001,0.0,0.7058229966779569,0.00024247265481732973,0.0003251889691871999,0.007874015748031496,0.04821932532357388,0.0011012598994185562,-0.4909090610685417,0.05738054838874999,-0.25220649961287633,-0.03003789262770071,,,,,,,,,alkane
6592c1fb6333488eb660fc3dafe00290,298.15,101.325,1,CC1CCCCC1,1.0,0.7667000000000003,0.0,0.7645069468650694,0.0002097598993545384,4.809482052630249e-06,0.007874015748031496,0.04821932532357388,1.6287421233178226e-05,0.03877789073786412,-0.010411970454925416,0.03660903367469966,0.003808058923595881,,,,,,,,,alkane
87ff75ca440e4c8c8fe9335cb745f360,298.15,101.325,1,CCCCCCC,1.0,0.6796000000000002,0.0,0.6682896097052619,0.0001984858562988024,0.00012792492861931143,0.007874015748031496,0.04821932532357388,0.0004332207035698373,0.25479551418721336,-0.05114288455812621,0.18245689218066655,0.01842665607225956,,,,,,,,,alkane
7adf507e0d3b42bf93a24110e357fafe,298.15,101.325,1,CCCCCCCCCC,1.0,0.7261500000000002,0.0,0.7235633912357395,0.00014535909710175005,6.690544899349981e-06,0.007874015748031496,0.04821932532357388,2.2657683688747685e-05,0.03706066827677318,-0.01045683213663896,0.03517621127267894,0.003995505950229982,,,,,,,,,alkane
de7cf3d0de5741e5a35a443a439861e9,298.15,101.325,1,C1CCCCC1,1.0,0.7737800000000001,0.0,0.7591584342827188,0.000279472236647219,0.00021379018402477724,0.007874015748031496,0.04821932532357388,0.0007240053595430141,0.23002993122159462,-0.06376357171416851,0.21183576361440642,0.01478265813677464,,,,,,,,,alkane
