Id,Temperature (K),Pressure (kPa),N Components,Component 1,Mole Fraction 1,Reference Density Value (g / ml),Reference Density Uncertainty (g / ml),Estimated Density Value (g / ml),Estimated Density Uncertainty (g / ml),Delta^2,Weight,Denom,Term,d Term / d [#1:1]-[#6X4] epsilon,d Term / d [#1:1]-[#6X4] rmin_half,d Term / d [#6X4:1] epsilon,d Term / d [#6X4:1] rmin_half,d Term / d [#8X2H1+0:1] epsilon,d Term / d [#8X2H1+0:1] rmin_half,d Term / d [#6:1] epsilon,d Term / d [#6:1] rmin_half,d Term / d [#8:1] epsilon,d Term / d [#8:1] rmin_half,d Term / d [#8X2H0+0:1] epsilon,d Term / d [#8X2H0+0:1] rmin_half,Environment 1
c9baf2c4d6454369a7a204c872e6f1b0,298.15,101.325,1,C1CCOCC1,1.0,0.8788100000000002,0.0,0.8875254826255305,0.000260784430351035,7.595963739592134e-05,0.007874015748031496,0.04821932532357388,0.00025723905348814955,-0.058957242108774933,0.025411403891852143,-0.1271840069690143,-0.007077245123070084,,,,,,,-0.012964407625040553,0.000351425935477138,ether
efcc795e1d64433d8e9a6c1c9c5a299f,298.15,101.325,1,CCCCOCCCC,1.0,0.7640700000000002,0.0,0.7662668064074892,0.0001693079424040336,4.82595839198465e-06,0.007874015748031496,0.04821932532357388,1.6343218734137637e-05,-0.033642032921938576,0.00715476421597771,-0.03162292494237041,-0.0027052381611128297,,,,,,,-0.0020978517645884264,-0.00036178317734443077,ether
34ae4b32490945aa8994d7ced26dbf30,298.15,101.325,1,COC(C)(C)C,1.0,0.7352700000000002,0.0,0.7455813426703624,0.00028020213258288533,0.00010632378766563136,0.007874015748031496,0.04821932532357388,0.0003600679445035186,-0.22083080244896977,0.03201353522573007,-0.16332377601394757,-0.01359530427741987,,,,,,,-0.016788347293618902,-0.0008998632746606744,ether
2c5bfd43a3594e59924cefca8964d47d,298.15,101.325,1,CC(C)OC(C)C,1.0,0.7184600000000002,0.0,0.7336138957369477,0.000251216751593137,0.00022964055600627488,0.007874015748031496,0.04821932532357388,0.0007776830076431941,-0.3602550187177174,0.06280912313292583,-0.252536882900989,-0.019080239822099446,,,,,,,-0.02055012583747623,-0.004245693454770228,ether
a586bf1dde484f718e6a2147ec6819ce,298.15,101.325,1,C1COCCO1,1.0,1.02787,0.0,1.0700290065272964,0.000305381817193737,0.0017773818313686135,0.007874015748031496,0.04821932532357388,0.006019144320097109,,,-0.4455542159536583,0.034308049508881,,,,,,,-0.10181112539294356,0.058704615333747316,ether
