Id,Temperature (K),Pressure (kPa),N Components,Component 1,Mole Fraction 1,Reference EnthalpyOfVaporization Value (kJ / mol),Reference EnthalpyOfVaporization Uncertainty (kJ / mol),Estimated EnthalpyOfVaporization Value (kJ / mol),Estimated EnthalpyOfVaporization Uncertainty (kJ / mol),Delta^2,Weight,Denom,Term,d Term / d [#1:1]-[#6X4] epsilon,d Term / d [#1:1]-[#6X4] rmin_half,d Term / d [#6:1] epsilon,d Term / d [#6:1] rmin_half,d Term / d [#6X4:1] epsilon,d Term / d [#6X4:1] rmin_half,d Term / d [#8:1] epsilon,d Term / d [#8:1] rmin_half,d Term / d [#8X2H1+0:1] epsilon,d Term / d [#8X2H1+0:1] rmin_half,d Term / d [#8X2H0+0:1] epsilon,d Term / d [#8X2H0+0:1] rmin_half,Environment 1
6b2d2f277d7b470da67f79b461d1a009,298.16,101.325,1,O=C1CCCC1,1.0,42.63,0.0,43.22183302653612,0.21565924832204686,0.3502663312988977,0.03571428571428571,25.6831695776047,1.8964575399180668e-05,-0.048118812232257786,0.0016061299963292487,-0.005273504919199426,-0.0006484347909564993,-0.019458851937569497,-0.002993617387227535,-0.0022426393050979194,0.0004031649454947452,,,,,ketone
e8e70fcf04ee463a9671f8e8beb0cdba,298.15,101.325,1,CCCC(C)=O,1.0,38.43,0.0,39.13267657901839,0.23653254983764513,0.49375437470098393,0.03571428571428571,25.6831695776047,2.6733491720337607e-05,-0.06981136392403305,0.0008833945557419893,-0.0054874733548684095,-0.0009229259351384311,-0.01984639374686567,-0.0032980743314696354,-0.0022544066639146425,9.428862678571634e-05,,,,,ketone
ccb77d44c1e74368bbfd37152c26ea21,298.16,101.325,1,O=C1CCCCC1,1.0,44.89,0.0,48.26101553987373,0.3084030477186163,11.363745770070185,0.03571428571428571,25.6831695776047,0.0006152707075054649,-0.2981793860768606,0.011858755722901489,-0.026601471083006693,-0.00367797088480367,-0.12384268716035199,-0.01895203646747803,-0.012604908319382995,-0.0006135509921577488,,,,,ketone
306e2ef66008434a91f82d02cf6e6983,298.16,101.325,1,O=C1CCCCCC1,1.0,49.54,0.0,53.52926589981722,0.278727588874643,15.91424241944449,0.03571428571428571,25.6831695776047,0.000861649617207568,-0.3856077630874464,0.01945605469729947,-0.029041488215640746,-0.0023833924752617113,-0.17090599246030938,-0.025018283004979002,-0.015538318405555,0.00018219089369658542,,,,,ketone
