Id,Temperature (K),Pressure (kPa),N Components,Component 1,Mole Fraction 1,Reference EnthalpyOfVaporization Value (kJ / mol),Reference EnthalpyOfVaporization Uncertainty (kJ / mol),Estimated EnthalpyOfVaporization Value (kJ / mol),Estimated EnthalpyOfVaporization Uncertainty (kJ / mol),Delta^2,Weight,Denom,Term,d Term / d [#1:1]-[#6X4] epsilon,d Term / d [#1:1]-[#6X4] rmin_half,d Term / d [#6:1] epsilon,d Term / d [#6:1] rmin_half,d Term / d [#6X4:1] epsilon,d Term / d [#6X4:1] rmin_half,d Term / d [#8:1] epsilon,d Term / d [#8:1] rmin_half,d Term / d [#8X2H1+0:1] epsilon,d Term / d [#8X2H1+0:1] rmin_half,d Term / d [#8X2H0+0:1] epsilon,d Term / d [#8X2H0+0:1] rmin_half,Environment 1
6b2d2f277d7b470da67f79b461d1a009,298.16,101.325,1,O=C1CCCC1,1.0,42.63,0.0,41.97275096783247,0.25049338137487726,0.43197629028516094,0.03571428571428571,25.6831695776047,2.3388622301754954e-05,0.0458358409266269,-0.002104834717067468,0.005465998184687971,0.000790034013686599,0.020835625915053974,0.0032710707020546016,0.002433035948246231,-0.0005853664923201616,,,,,ketone
e8e70fcf04ee463a9671f8e8beb0cdba,298.15,101.325,1,CCCC(C)=O,1.0,38.43,0.0,39.44271384621606,0.2281898618299078,1.0255893343177231,0.03571428571428571,25.6831695776047,5.552879201131819e-05,-0.08284143374427218,0.0026220279265755436,-0.007367674424436746,-0.00120218181929794,-0.02830360794703098,-0.004350495593850895,-0.0035057995492085783,-6.065916835999849e-05,,,,,ketone
ccb77d44c1e74368bbfd37152c26ea21,298.16,101.325,1,O=C1CCCCC1,1.0,44.89,0.0,46.928319740322706,0.1958214711708963,4.154747363789223,0.03571428571428571,25.6831695776047,0.00022495173701948034,-0.18088491234954113,0.007498265691468722,-0.017988359252823317,-0.0032172900197989436,-0.08154572196818188,-0.014425232373532049,-0.008080661692209704,0.0010953273482611939,,,,,ketone
306e2ef66008434a91f82d02cf6e6983,298.16,101.325,1,O=C1CCCCCC1,1.0,49.54,0.0,51.48822389036793,0.3271626435726855,3.795576327000342,0.03571428571428571,25.6831695776047,0.00020550503147080443,-0.2018159642309266,0.006453659008838275,-0.015026816275852329,-0.002239117692018248,-0.08596634066136943,-0.016397565004235417,-0.007207204506405305,0.0012874811383705997,,,,,ketone
