Id,Temperature (K),Pressure (kPa),N Components,Component 1,Mole Fraction 1,Reference Density Value (g / ml),Reference Density Uncertainty (g / ml),Estimated Density Value (g / ml),Estimated Density Uncertainty (g / ml),Delta^2,Weight,Denom,Term,d Term / d [#1:1]-[#6X4] epsilon,d Term / d [#1:1]-[#6X4] rmin_half,d Term / d [#6X4:1] epsilon,d Term / d [#6X4:1] rmin_half,d Term / d [#8X2H1+0:1] epsilon,d Term / d [#8X2H1+0:1] rmin_half,d Term / d [#6:1] epsilon,d Term / d [#6:1] rmin_half,d Term / d [#8:1] epsilon,d Term / d [#8:1] rmin_half,d Term / d [#8X2H0+0:1] epsilon,d Term / d [#8X2H0+0:1] rmin_half,Environment 1
c9baf2c4d6454369a7a204c872e6f1b0,298.15,101.325,1,C1CCOCC1,1.0,0.8788100000000002,0.0,0.8886652296386023,0.0002692949560536561,9.71255512295809e-05,0.007874015748031496,0.04821932532357388,0.0003289179059345235,-0.05964622659387398,0.029173344858816078,-0.13725816985511183,-0.005408695414600585,,,,,,,-0.013958967478702141,0.0016371303372040714,ether
efcc795e1d64433d8e9a6c1c9c5a299f,298.15,101.325,1,CCCCOCCCC,1.0,0.7640700000000002,0.0,0.7682232755928943,0.00015513095139587575,1.7249698150529203e-05,0.007874015748031496,0.04821932532357388,5.841649825248741e-05,-0.03582452167126214,0.014691047952642073,-0.050164304559366074,-0.0027400919354096504,,,,,,,-0.003236395499129758,-0.00039990549233441855,ether
34ae4b32490945aa8994d7ced26dbf30,298.15,101.325,1,COC(C)(C)C,1.0,0.7352700000000002,0.0,0.7488098684538426,0.00024126062056028936,0.00018332803774735558,0.007874015748031496,0.04821932532357388,0.0006208446028008781,-0.24795022471495845,0.03975406441006177,-0.18523259653730995,-0.014845590802872868,,,,,,,-0.018599963934207275,-0.0019674006126071393,ether
2c5bfd43a3594e59924cefca8964d47d,298.15,101.325,1,CC(C)OC(C)C,1.0,0.7184600000000002,0.0,0.7368328447833458,0.0001763280484674019,0.0003375614254329079,0.007874015748031496,0.04821932532357388,0.001143159506144962,-0.25408492841850483,0.06458609988077797,-0.2199591365876225,-0.016129191050110472,,,,,,,-0.0169500973770947,-0.0020894715678946687,ether
a586bf1dde484f718e6a2147ec6819ce,298.15,101.325,1,C1COCCO1,1.0,1.02787,0.0,1.0694882897253017,0.00031705375532987425,0.0017320820396591516,0.007874015748031496,0.04821932532357388,0.005865735536932251,,,-0.40715908722554867,0.05284063971474876,,,,,,,-0.11045727849499376,0.04326440581786993,ether
