Id,Temperature (K),Pressure (kPa),N Components,Component 1,Mole Fraction 1,Reference Density Value (g / ml),Reference Density Uncertainty (g / ml),Estimated Density Value (g / ml),Estimated Density Uncertainty (g / ml),Delta^2,Weight,Denom,Term,d Term / d [#1:1]-[#6X4] epsilon,d Term / d [#1:1]-[#6X4] rmin_half,d Term / d [#6X4:1] epsilon,d Term / d [#6X4:1] rmin_half,d Term / d [#8X2H1+0:1] epsilon,d Term / d [#8X2H1+0:1] rmin_half,d Term / d [#6:1] epsilon,d Term / d [#6:1] rmin_half,d Term / d [#8:1] epsilon,d Term / d [#8:1] rmin_half,d Term / d [#8X2H0+0:1] epsilon,d Term / d [#8X2H0+0:1] rmin_half,Environment 1
c9baf2c4d6454369a7a204c872e6f1b0,298.15,101.325,1,C1CCOCC1,1.0,0.8788100000000002,0.0,0.8875918112236324,0.0002291709801579953,7.712020836751242e-05,0.007874015748031496,0.04821932532357388,0.00026116935369063505,-0.05500904563306372,0.025332983433681955,-0.12276766383108915,-0.0022334279817699666,,,,,,,-0.012192813592807111,0.00310565524627308,ether
efcc795e1d64433d8e9a6c1c9c5a299f,298.15,101.325,1,CCCCOCCCC,1.0,0.7640700000000002,0.0,0.7671252965901506,0.0001595517514868141,9.334837253784405e-06,0.007874015748031496,0.04821932532357388,3.161264036995462e-05,-0.02658459303433017,0.01023862427181719,-0.03671083982557595,-0.0019082060250035972,,,,,,,-0.00258704387911469,-0.00047203359186709175,ether
34ae4b32490945aa8994d7ced26dbf30,298.15,101.325,1,COC(C)(C)C,1.0,0.7352700000000002,0.0,0.7467499328646723,0.0002484016390015345,0.00013178885857737817,0.007874015748031496,0.04821932532357388,0.000446305990957096,-0.18439789381056965,0.04074315874046174,-0.16060083270039927,-0.0013227685794505294,,,,,,,-0.01627476859144804,0.0006000850914134814,ether
2c5bfd43a3594e59924cefca8964d47d,298.15,101.325,1,CC(C)OC(C)C,1.0,0.7184600000000002,0.0,0.7349325065464368,0.00023793321161035938,0.00027134347192239716,0.007874015748031496,0.04821932532357388,0.0009189108884721145,-0.28112830444995573,0.06916790216665049,-0.2545921038281655,-0.01995619611918352,,,,,,,-0.01977572531707549,-0.002212231305838452,ether
a586bf1dde484f718e6a2147ec6819ce,298.15,101.325,1,C1COCCO1,1.0,1.02787,0.0,1.0679965448187763,0.00023840548471988198,0.001610139599093255,0.007874015748031496,0.04821932532357388,0.005452774666309526,,,-0.4522017483408076,0.041852822095060194,,,,,,,-0.11181682235146798,0.04705796362522953,ether
