Id,Temperature (K),Pressure (kPa),N Components,Component 1,Mole Fraction 1,Reference Density Value (g / ml),Reference Density Uncertainty (g / ml),Estimated Density Value (g / ml),Estimated Density Uncertainty (g / ml),Delta^2,Weight,Denom,Term,d Term / d [#1:1]-[#6X4] epsilon,d Term / d [#1:1]-[#6X4] rmin_half,d Term / d [#6X4:1] epsilon,d Term / d [#6X4:1] rmin_half,d Term / d [#8X2H1+0:1] epsilon,d Term / d [#8X2H1+0:1] rmin_half,d Term / d [#6:1] epsilon,d Term / d [#6:1] rmin_half,d Term / d [#8:1] epsilon,d Term / d [#8:1] rmin_half,d Term / d [#8X2H0+0:1] epsilon,d Term / d [#8X2H0+0:1] rmin_half,Environment 1
0b24264e4f7041f1b0599746a6bcbe94,298.15,101.325,1,O=C1CCCCCC1,1.0,0.9476200000000002,0.0,0.9334001551605848,0.00024058775217844454,0.000202203987257049,0.03571428571428571,0.04821932532357388,0.003105913989203416,-0.21433276999110928,-0.2892873624688556,0.7053761649502748,-0.02206755674930013,,,0.13364740627838723,0.005771888427621014,0.03535485338478727,-0.06837580288423088,,,ketone
a5717fa9521e409f9a64b296b86f1259,298.15,101.325,1,O=C1CCCCC1,1.0,0.9430000000000002,0.0,0.9255977166633292,0.00020393740504097082,0.00030283946532977477,0.03571428571428571,0.04821932532357388,0.0046517051647201905,0.40516539877681695,-0.2638857659060551,0.8332881641666868,0.018221190400776254,,,0.17015492077646843,0.005990790880509341,0.0558020243906799,-0.06576497029168923,,,ketone
7bd17fead51341e48da1d3a641e5f6c2,298.15,101.325,1,CCCC(C)=O,1.0,0.8019900000000002,0.0,0.7761323207839296,0.00024168430374011814,0.0006686195744412109,0.03571428571428571,0.04821932532357388,0.010270197526185514,1.840645044296977,-0.3894333810511519,1.2978125716925553,0.026556588194117617,,,0.34754189038819144,0.023288937117504845,0.1486304852035059,-0.02049022194708083,,,ketone
11a3bedec99f4bdeb7a86cb925bace53,298.15,101.325,1,O=C1CCCC1,1.0,0.9453,0.0,0.9201059252771229,0.00024158262533977994,0.0006347414011419177,0.03571428571428571,0.04821932532357388,0.009749818606826376,0.8075203527931807,-0.35986852799276114,1.219025260976429,0.02681463587585693,,,0.32466793095878493,0.011274379867980555,0.1172347607225115,-0.09288535368216018,,,ketone
