Id,Temperature (K),Pressure (kPa),N Components,Component 1,Mole Fraction 1,Reference EnthalpyOfVaporization Value (kJ / mol),Reference EnthalpyOfVaporization Uncertainty (kJ / mol),Estimated EnthalpyOfVaporization Value (kJ / mol),Estimated EnthalpyOfVaporization Uncertainty (kJ / mol),Delta^2,Weight,Denom,Term,d Term / d [#1:1]-[#6X4] epsilon,d Term / d [#1:1]-[#6X4] rmin_half,d Term / d [#6:1] epsilon,d Term / d [#6:1] rmin_half,d Term / d [#6X4:1] epsilon,d Term / d [#6X4:1] rmin_half,d Term / d [#8:1] epsilon,d Term / d [#8:1] rmin_half,d Term / d [#8X2H1+0:1] epsilon,d Term / d [#8X2H1+0:1] rmin_half,d Term / d [#8X2H0+0:1] epsilon,d Term / d [#8X2H0+0:1] rmin_half,Environment 1
6b2d2f277d7b470da67f79b461d1a009,298.16,101.325,1,O=C1CCCC1,1.0,42.63,0.0,42.85480709104978,0.21596241026773477,0.05053822818626224,0.03571428571428571,25.6831695776047,2.7363064997574435e-06,-0.017885383271892156,0.0006577946870687007,-0.002016690422186551,-0.0002464366169001221,-0.007484355602770424,-0.0011155615081423944,-0.0008951206993225273,5.2272517780487035e-05,,,,,ketone
e8e70fcf04ee463a9671f8e8beb0cdba,298.15,101.325,1,CCCC(C)=O,1.0,38.43,0.0,39.05849974598954,0.2765344493798049,0.3950119307089208,0.03571428571428571,25.6831695776047,2.1387249855632454e-05,-0.05989208827721612,0.001102497225061875,-0.004914801551644961,-0.0008226712355535551,-0.01756671879121738,-0.002623854582509599,-0.002061886687560403,-0.000253953999425309,,,,,ketone
ccb77d44c1e74368bbfd37152c26ea21,298.16,101.325,1,O=C1CCCCC1,1.0,44.89,0.0,47.60633821842254,0.19015273429776733,7.378493316862953,0.03571428571428571,25.6831695776047,0.0003994959844444474,-0.25661396488476806,0.008071077070488618,-0.021980466040016862,-0.0027374623851513886,-0.1012451059225938,-0.015714589504516464,-0.009547719570437145,0.0013115739707988388,,,,,ketone
306e2ef66008434a91f82d02cf6e6983,298.16,101.325,1,O=C1CCCCCC1,1.0,49.54,0.0,53.058703889621114,0.3011918403292206,12.381277062834764,0.03571428571428571,25.6831695776047,0.0006703632105476504,-0.3715338251607737,0.012269330016694092,-0.02824502315893005,-0.004327440101901444,-0.151876078112415,-0.025837376040011493,-0.0131080389690992,-0.0008518989298627171,,,,,ketone
