Id,Temperature (K),Pressure (kPa),N Components,Component 1,Mole Fraction 1,Reference Density Value (g / ml),Reference Density Uncertainty (g / ml),Estimated Density Value (g / ml),Estimated Density Uncertainty (g / ml),Delta^2,Weight,Denom,Term,d Term / d [#1:1]-[#6X4] epsilon,d Term / d [#1:1]-[#6X4] rmin_half,d Term / d [#6X4:1] epsilon,d Term / d [#6X4:1] rmin_half,d Term / d [#8X2H1+0:1] epsilon,d Term / d [#8X2H1+0:1] rmin_half,d Term / d [#6:1] epsilon,d Term / d [#6:1] rmin_half,d Term / d [#8:1] epsilon,d Term / d [#8:1] rmin_half,d Term / d [#8X2H0+0:1] epsilon,d Term / d [#8X2H0+0:1] rmin_half,Environment 1
c9baf2c4d6454369a7a204c872e6f1b0,298.15,101.325,1,C1CCOCC1,1.0,0.8788100000000002,0.0,0.8879833586284415,0.000283330261944007,8.415050852599779e-05,0.007874015748031496,0.04821932532357388,0.0002849776263536568,-0.04899436393725595,0.02897549052946145,-0.1242395703091861,-0.007107713104316477,,,,,,,-0.011989208143860132,0.0019757783747068416,ether
efcc795e1d64433d8e9a6c1c9c5a299f,298.15,101.325,1,CCCCOCCCC,1.0,0.7640700000000002,0.0,0.766423310895304,0.00018316101451918391,5.538072169955445e-06,0.007874015748031496,0.04821932532357388,1.8754808369120727e-05,-0.018462117342579833,0.01055557564447174,-0.032886771499625544,-0.0027302625527925663,,,,,,,-0.0018103895374513724,0.0001998528978005046,ether
34ae4b32490945aa8994d7ced26dbf30,298.15,101.325,1,COC(C)(C)C,1.0,0.7352700000000002,0.0,0.748656338784899,0.00025002016764242674,0.00017919406606408615,0.007874015748031496,0.04821932532357388,0.0006068448129202573,-0.2426626841739547,0.050660826137850536,-0.20602844377461,-0.01723534190456338,,,,,,,-0.01930904061959698,4.792378727382587e-06,ether
2c5bfd43a3594e59924cefca8964d47d,298.15,101.325,1,CC(C)OC(C)C,1.0,0.7184600000000002,0.0,0.7355104013342068,0.00022266979943206045,0.0002907161856575123,0.007874015748031496,0.04821932532357388,0.0009845170276739517,-0.35332017275990235,0.05760794527134534,-0.22780772099448204,-0.018901254004452212,,,,,,,-0.018919245245534913,-0.004887296238739488,ether
a586bf1dde484f718e6a2147ec6819ce,298.15,101.325,1,C1COCCO1,1.0,1.02787,0.0,1.077330336733067,0.0002542301115363433,0.0024463249097483814,0.007874015748031496,0.04821932532357388,0.008284535391185876,,,-0.591922908034944,0.04753583557669438,,,,,,,-0.14674340035221714,0.05279437169630039,ether
