Id,Temperature (K),Pressure (kPa),N Components,Component 1,Mole Fraction 1,Reference EnthalpyOfVaporization Value (kJ / mol),Reference EnthalpyOfVaporization Uncertainty (kJ / mol),Estimated EnthalpyOfVaporization Value (kJ / mol),Estimated EnthalpyOfVaporization Uncertainty (kJ / mol),Delta^2,Weight,Denom,Term,d Term / d [#1:1]-[#6X4] epsilon,d Term / d [#1:1]-[#6X4] rmin_half,d Term / d [#6:1] epsilon,d Term / d [#6:1] rmin_half,d Term / d [#6X4:1] epsilon,d Term / d [#6X4:1] rmin_half,d Term / d [#8:1] epsilon,d Term / d [#8:1] rmin_half,d Term / d [#8X2H1+0:1] epsilon,d Term / d [#8X2H1+0:1] rmin_half,d Term / d [#8X2H0+0:1] epsilon,d Term / d [#8X2H0+0:1] rmin_half,Environment 1
44a094a1c4fb45fe88e49b08ac11c15e,298.15,101.325,1,C1CCCCC1,1.0,33.02,0.0,33.44675166653317,0.2924311818398929,0.18211698488883288,0.03571428571428571,25.6831695776047,9.860414726668266e-06,-0.04297527689418597,0.0012767599204607904,,,-0.017057101521865643,-0.002844364925199026,,,,,,,alkane
a47bd2a5b343439293299dfb113ab2b6,298.15,101.325,1,CCCCCC,1.0,31.55,0.0,30.546787702538996,0.31717852896593995,1.0064349137769875,0.03571428571428571,25.6831695776047,5.449170845485609e-05,0.13884231339023334,-0.0011549853242018534,,,0.04178563449553405,0.007853726079519443,,,,,,,alkane
5f2588d518fa4b3ca770debd4539df1c,298.15,101.325,1,CC1CCCCC1,1.0,35.38,0.0,37.42746634014713,0.3053644699372806,4.192118414035462,0.03571428571428571,25.6831695776047,0.00022697512904095487,-0.24704903187810534,0.0061604021704770315,,,-0.09579371628423027,-0.017576291747542463,,,,,,,alkane
bdd784a45f7845ffb86c69f7c9491f41,298.15,101.325,1,CCCCCCC,1.0,36.58,0.0,36.08900794070069,0.34418075263582926,0.24107320229497606,0.03571428571428571,25.6831695776047,1.3052498950416234e-05,0.05850266316087685,-0.0021155062768238083,,,0.02248535876473317,0.0037505312524739156,,,,,,,alkane
cf2c1c4f97df47efa288e70af17dea0e,298.15,101.325,1,CC(C)CC(C)(C)C,1.0,35.13,0.0,36.95155375721256,0.35512384163107663,3.3180580904151777,0.03571428571428571,25.6831695776047,0.00017965061786324787,-0.23615573064685708,0.006137469037791694,,,-0.08059119615118866,-0.013181949300965915,,,,,,,alkane
deb81810e4c64cda9c8da9d9664747d2,298.15,101.325,1,CCCCCCCCCC,1.0,51.35,0.0,54.073739941298236,0.3986311905850352,7.418759267823308,0.03571428571428571,25.6831695776047,0.00040167611594659776,-0.5242290578246885,0.01842461306164734,,,-0.20941016730621406,-0.03770002093656843,,,,,,,alkane
