Id,Temperature (K),Pressure (kPa),N Components,Component 1,Mole Fraction 1,Reference Density Value (g / ml),Reference Density Uncertainty (g / ml),Estimated Density Value (g / ml),Estimated Density Uncertainty (g / ml),Delta^2,Weight,Denom,Term,d Term / d [#1:1]-[#6X4] epsilon,d Term / d [#1:1]-[#6X4] rmin_half,d Term / d [#6X4:1] epsilon,d Term / d [#6X4:1] rmin_half,d Term / d [#8X2H1+0:1] epsilon,d Term / d [#8X2H1+0:1] rmin_half,d Term / d [#6:1] epsilon,d Term / d [#6:1] rmin_half,d Term / d [#8:1] epsilon,d Term / d [#8:1] rmin_half,d Term / d [#8X2H0+0:1] epsilon,d Term / d [#8X2H0+0:1] rmin_half,Environment 1
c9baf2c4d6454369a7a204c872e6f1b0,298.15,101.325,1,C1CCOCC1,1.0,0.8788100000000002,0.0,0.8886802652900716,0.0002695971800338206,9.742213689638827e-05,0.007874015748031496,0.04821932532357388,0.00032992230009467493,-0.03617901510761385,0.030500560942439296,-0.12611660816107087,0.0012593706433418833,,,,,,,-0.014027014868204657,0.002385934360129379,ether
efcc795e1d64433d8e9a6c1c9c5a299f,298.15,101.325,1,CCCCOCCCC,1.0,0.7640700000000002,0.0,0.7675676527809993,0.00016869194835118613,1.2233574976430078e-05,0.007874015748031496,0.04821932532357388,4.142928212401077e-05,-0.03940641249566568,0.013005236724459045,-0.04952646389674621,-0.004031800249500246,,,,,,,-0.0031226862784911823,-0.00019714965819391225,ether
34ae4b32490945aa8994d7ced26dbf30,298.15,101.325,1,COC(C)(C)C,1.0,0.7352700000000002,0.0,0.7477273172181651,0.0002353975513501173,0.00015518475227398765,0.007874015748031496,0.04821932532357388,0.0005255367213337571,-0.17158644770764384,0.04488210816803807,-0.17227861626548807,-0.008868041456053044,,,,,,,-0.018091179277378057,-0.0014745112224281594,ether
2c5bfd43a3594e59924cefca8964d47d,298.15,101.325,1,CC(C)OC(C)C,1.0,0.7184600000000002,0.0,0.7351132774262448,0.0002149444020914568,0.00027733164903546667,0.007874015748031496,0.04821932532357388,0.0009391899875501747,-0.21439650768432045,0.06360022637885189,-0.20815951973802072,-0.011954436873211103,,,,,,,-0.0181418821885017,-0.0040610846924815655,ether
a586bf1dde484f718e6a2147ec6819ce,298.15,101.325,1,C1COCCO1,1.0,1.02787,0.0,1.068953861940094,0.0003116082770787004,0.0016878837119126998,0.007874015748031496,0.04821932532357388,0.0057160568867302315,,,-0.4228871879153216,0.06400968549111094,,,,,,,-0.1104543028969208,0.054382071084218525,ether
