Id,Temperature (K),Pressure (kPa),N Components,Component 1,Mole Fraction 1,Reference Density Value (g / ml),Reference Density Uncertainty (g / ml),Estimated Density Value (g / ml),Estimated Density Uncertainty (g / ml),Delta^2,Weight,Denom,Term,d Term / d [#1:1]-[#6X4] epsilon,d Term / d [#1:1]-[#6X4] rmin_half,d Term / d [#6X4:1] epsilon,d Term / d [#6X4:1] rmin_half,d Term / d [#8X2H1+0:1] epsilon,d Term / d [#8X2H1+0:1] rmin_half,d Term / d [#6:1] epsilon,d Term / d [#6:1] rmin_half,d Term / d [#8:1] epsilon,d Term / d [#8:1] rmin_half,d Term / d [#8X2H0+0:1] epsilon,d Term / d [#8X2H0+0:1] rmin_half,Environment 1
6bce57dafd0a4f7db22c97be283f7072,298.15,101.325,1,CCCCCC,1.0,0.6549610000000001,0.0,0.6498914263081764,0.000220902803429822,2.570057741683101e-05,0.007874015748031496,0.04821932532357388,8.703559463225545e-05,0.09332443711274493,-0.027409622075473046,0.07499755543143577,0.011078270383463802,,,,,,,,,alkane
98dfde7944bf44bea8000f1e4d6ea8e4,298.15,101.325,1,CC(C)CC(C)(C)C,1.0,0.6877900000000001,0.0,0.7150482290787179,0.0001800833383808455,0.0007430110525078554,0.007874015748031496,0.04821932532357388,0.002516223963552218,-0.4050765845263091,0.11314511732692548,-0.309530080911658,-0.04492808782715961,,,,,,,,,alkane
6592c1fb6333488eb660fc3dafe00290,298.15,101.325,1,CC1CCCCC1,1.0,0.7667000000000003,0.0,0.7707947832545393,0.0002358142337786161,1.676724990165339e-05,0.007874015748031496,0.04821932532357388,5.678267619708495e-05,-0.06381953914176315,0.017119861596040807,-0.05453044495662732,-0.009233385361868076,,,,,,,,,alkane
87ff75ca440e4c8c8fe9335cb745f360,298.15,101.325,1,CCCCCCC,1.0,0.6796000000000002,0.0,0.6770366322584417,0.00019882831946761825,6.570854178462827e-06,0.007874015748031496,0.04821932532357388,2.225234831843984e-05,0.046739789074997797,-0.010308713698584212,0.03254205822665035,0.00526242229103124,,,,,,,,,alkane
7adf507e0d3b42bf93a24110e357fafe,298.15,101.325,1,CCCCCCCCCC,1.0,0.7261500000000002,0.0,0.7296235112508768,0.0001692366437544663,1.2065280409966198e-05,0.007874015748031496,0.04821932532357388,4.085934871636801e-05,-0.06451060254644302,0.015051567601307627,-0.04836562127672361,-0.008440554959431244,,,,,,,,,alkane
de7cf3d0de5741e5a35a443a439861e9,298.15,101.325,1,C1CCCCC1,1.0,0.7737800000000001,0.0,0.7667070794119991,0.00022467629448216566,5.0026205644168684e-05,0.007874015748031496,0.04821932532357388,0.00016941489231227507,0.10854039183142664,-0.03865468247293858,0.10819556332101883,0.014484061924781126,,,,,,,,,alkane
