Id,Temperature (K),Pressure (kPa),N Components,Component 1,Mole Fraction 1,Reference Density Value (g / ml),Reference Density Uncertainty (g / ml),Estimated Density Value (g / ml),Estimated Density Uncertainty (g / ml),Delta^2,Weight,Denom,Term,d Term / d [#1:1]-[#6X4] epsilon,d Term / d [#1:1]-[#6X4] rmin_half,d Term / d [#6X4:1] epsilon,d Term / d [#6X4:1] rmin_half,d Term / d [#8X2H1+0:1] epsilon,d Term / d [#8X2H1+0:1] rmin_half,d Term / d [#6:1] epsilon,d Term / d [#6:1] rmin_half,d Term / d [#8:1] epsilon,d Term / d [#8:1] rmin_half,d Term / d [#8X2H0+0:1] epsilon,d Term / d [#8X2H0+0:1] rmin_half,Environment 1
c9baf2c4d6454369a7a204c872e6f1b0,298.15,101.325,1,C1CCOCC1,1.0,0.8788100000000002,0.0,0.8879610554350376,0.00021897193400384143,8.374181557512679e-05,0.03571428571428571,0.04821932532357388,0.0012862994444587128,-0.036123122919230505,0.12842021215804494,-0.5987159962533287,0.003394377802369148,,,,,,,-0.05519541587939455,0.02049021930241916,ether
efcc795e1d64433d8e9a6c1c9c5a299f,298.15,101.325,1,CCCCOCCCC,1.0,0.7640700000000002,0.0,0.7678578494767615,0.00018805716145154798,1.4347803658600487e-05,0.03571428571428571,0.04821932532357388,0.00022038657447907324,-0.3018447673539251,0.04288534029396472,-0.23635212331801303,-0.01613659970807707,,,,,,,-0.014458569810021237,-0.00014821269279247245,ether
34ae4b32490945aa8994d7ced26dbf30,298.15,101.325,1,COC(C)(C)C,1.0,0.7352700000000002,0.0,0.7443876172626004,0.0002796718256038469,8.31309445472649e-05,0.03571428571428571,0.04821932532357388,0.0012769162819564652,-0.6386244581095863,0.14044042908946944,-0.6620269497520702,-0.039746419588825965,,,,,,,-0.0647228934976254,-0.003999095616953261,ether
2c5bfd43a3594e59924cefca8964d47d,298.15,101.325,1,CC(C)OC(C)C,1.0,0.7184600000000002,0.0,0.733714378763196,0.00022392044157396328,0.00023269607145103894,0.03571428571428571,0.04821932532357388,0.00357428156267608,-1.2057040415379887,0.27575325629433955,-1.1422895746065487,-0.08681845561141358,,,,,,,-0.09078904940125289,-0.016080172775280236,ether
a586bf1dde484f718e6a2147ec6819ce,298.15,101.325,1,C1COCCO1,1.0,1.02787,0.0,1.0570444690197662,0.0002486184533296935,0.000851149642585296,0.03571428571428571,0.04821932532357388,0.013073914207490484,,,-1.3077067097688406,0.09310560677712752,,,,,,,-0.303985003529862,0.15631616821545294,ether
