Id,Temperature (K),Pressure (kPa),N Components,Component 1,Mole Fraction 1,Reference EnthalpyOfVaporization Value (kJ / mol),Reference EnthalpyOfVaporization Uncertainty (kJ / mol),Estimated EnthalpyOfVaporization Value (kJ / mol),Estimated EnthalpyOfVaporization Uncertainty (kJ / mol),Delta^2,Weight,Denom,Term,d Term / d [#1:1]-[#6X4] epsilon,d Term / d [#1:1]-[#6X4] rmin_half,d Term / d [#6:1] epsilon,d Term / d [#6:1] rmin_half,d Term / d [#6X4:1] epsilon,d Term / d [#6X4:1] rmin_half,d Term / d [#8:1] epsilon,d Term / d [#8:1] rmin_half,d Term / d [#8X2H1+0:1] epsilon,d Term / d [#8X2H1+0:1] rmin_half,d Term / d [#8X2H0+0:1] epsilon,d Term / d [#8X2H0+0:1] rmin_half,Environment 1
055bb046803c41e199b4713916d63357,298.15,101.325,1,C1COCCO1,1.0,38.64,0.0,49.99036727106442,0.24794014098680428,128.8308371880504,0.03571428571428571,25.6831695776047,0.006975326793563383,,,,,-0.373626137289224,-0.045806185764410326,,,,,-0.0995304357999264,-0.009412525155709252,ether
b1f47515d3614067b49215bb7022e4ed,298.15,101.325,1,C1CCOCC1,1.0,34.94,0.0,39.54137161791013,0.27747940245283115,21.17262076610891,0.03571428571428571,25.6831695776047,0.0011463555787053013,-0.24320075840897945,0.009241311966366444,,,-0.17247321965909868,-0.026397038292992874,,,,,-0.01798334968731715,-0.0018327601600254737,ether
29bbe7dd6eca44b48906aaf9b4eb4235,298.15,101.325,1,COC(C)(C)C,1.0,32.42,0.0,32.45402738950355,0.27397079156211496,0.0011578632364262669,0.03571428571428571,25.6831695776047,6.269053770517048e-08,-0.002368756580969955,6.851688437882573e-05,,,-0.001038955049081414,-0.00013663910948030146,,,,,-0.0001139800949810097,-2.5417744175393526e-05,ether
16da8f9ca25f46a5adb5d65fe9238ed2,298.15,101.325,1,CC(C)OC(C)C,1.0,32.12,0.0,34.859284509308715,0.22529782128145645,7.5036796229387015,0.03571428571428571,25.6831695776047,0.00040627398429306114,-0.32814266646299484,0.005268006469109285,,,-0.11481517702990136,-0.019122593091602882,,,,,-0.009313044445922547,-0.002834036578350278,ether
bb09c2d9541843a8bb9b84ccf9fd4d26,298.15,101.325,1,CCCCOCCCC,1.0,44.99,0.0,49.70448369143398,0.35506999317501653,22.22635647679693,0.03571428571428571,25.6831695776047,0.0012034083084439735,-0.6972047568203799,0.008769459204620793,,,-0.27936312430016447,-0.047353154415258926,,,,,-0.020072342360803307,-0.006220506766947664,ether
