Id,Temperature (K),Pressure (kPa),N Components,Component 1,Mole Fraction 1,Reference Density Value (g / ml),Reference Density Uncertainty (g / ml),Estimated Density Value (g / ml),Estimated Density Uncertainty (g / ml),Delta^2,Weight,Denom,Term,d Term / d [#1:1]-[#6X4] epsilon,d Term / d [#1:1]-[#6X4] rmin_half,d Term / d [#6X4:1] epsilon,d Term / d [#6X4:1] rmin_half,d Term / d [#8X2H1+0:1] epsilon,d Term / d [#8X2H1+0:1] rmin_half,d Term / d [#6:1] epsilon,d Term / d [#6:1] rmin_half,d Term / d [#8:1] epsilon,d Term / d [#8:1] rmin_half,d Term / d [#8X2H0+0:1] epsilon,d Term / d [#8X2H0+0:1] rmin_half,Environment 1
c9baf2c4d6454369a7a204c872e6f1b0,298.15,101.325,1,C1CCOCC1,1.0,0.8788100000000002,0.0,0.8843286460992853,0.000231168030542339,3.0455454769154608e-05,0.007874015748031496,0.04821932532357388,0.00010313809579598052,-0.05818244930046915,0.01497545915677178,-0.08673625675723609,-0.009678661253303581,,,,,,,-0.009012792632756703,-0.0005877483724098044,ether
efcc795e1d64433d8e9a6c1c9c5a299f,298.15,101.325,1,CCCCOCCCC,1.0,0.7640700000000002,0.0,0.763161162202038,0.00019836052864020384,8.25986143004867e-07,0.007874015748031496,0.04821932532357388,2.7972210098031384e-06,0.01230775315532645,-0.003312772786467651,0.012706799109455469,0.0011638340424353546,,,,,,,0.0007954254289272894,9.380740506512301e-05,ether
34ae4b32490945aa8994d7ced26dbf30,298.15,101.325,1,COC(C)(C)C,1.0,0.7352700000000002,0.0,0.7450285863191791,0.00028860714265698466,9.523000694886597e-05,0.007874015748031496,0.04821932532357388,0.0003224986017707287,-0.16696714957573502,0.038025791495393015,-0.1482732255484512,-0.010625089976950424,,,,,,,-0.0157701096821672,-0.0026935505821610102,ether
2c5bfd43a3594e59924cefca8964d47d,298.15,101.325,1,CC(C)OC(C)C,1.0,0.7184600000000002,0.0,0.7317588885381211,0.000246299454554274,0.00017686043634936317,0.007874015748031496,0.04821932532357388,0.0005989419223906693,-0.2705060640943646,0.05344007744900936,-0.19395507235893356,-0.016635648056016625,,,,,,,-0.017095445204995608,-0.005759023135610564,ether
a586bf1dde484f718e6a2147ec6819ce,298.15,101.325,1,C1COCCO1,1.0,1.02787,0.0,1.0734457582407728,0.00029215331359864983,0.002077149739221366,0.007874015748031496,0.04821932532357388,0.007034315212504574,,,-0.5576288642676153,0.037838295124704234,,,,,,,-0.13048505809529018,0.06615471743089862,ether
