Id,Temperature (K),Pressure (kPa),N Components,Component 1,Mole Fraction 1,Reference EnthalpyOfVaporization Value (kJ / mol),Reference EnthalpyOfVaporization Uncertainty (kJ / mol),Estimated EnthalpyOfVaporization Value (kJ / mol),Estimated EnthalpyOfVaporization Uncertainty (kJ / mol),Delta^2,Weight,Denom,Term,d Term / d [#1:1]-[#6X4] epsilon,d Term / d [#1:1]-[#6X4] rmin_half,d Term / d [#6:1] epsilon,d Term / d [#6:1] rmin_half,d Term / d [#6X4:1] epsilon,d Term / d [#6X4:1] rmin_half,d Term / d [#8:1] epsilon,d Term / d [#8:1] rmin_half,d Term / d [#8X2H1+0:1] epsilon,d Term / d [#8X2H1+0:1] rmin_half,d Term / d [#8X2H0+0:1] epsilon,d Term / d [#8X2H0+0:1] rmin_half,Environment 1
055bb046803c41e199b4713916d63357,298.15,101.325,1,C1COCCO1,1.0,38.64,0.0,47.58186461508421,0.1633183466869713,79.95694279449502,0.03571428571428571,25.6831695776047,0.004329132819278048,,,,,-0.31205810282029633,-0.046723075220599826,,,,,-0.08169754016246208,-0.011912062574987262,ether
b1f47515d3614067b49215bb7022e4ed,298.15,101.325,1,C1CCOCC1,1.0,34.94,0.0,38.59635457306832,0.25639342299882817,13.368928763997618,0.03571428571428571,25.6831695776047,0.000723837933868541,-0.19483229869960897,0.006005598483992378,,,-0.14311312665812673,-0.027269116499360972,,,,,-0.01569875317454347,-0.0036091856192701863,ether
29bbe7dd6eca44b48906aaf9b4eb4235,298.15,101.325,1,COC(C)(C)C,1.0,32.42,0.0,33.26420077767731,0.2796115204189461,0.712674953030972,0.03571428571428571,25.6831695776047,3.858657448388885e-05,-0.054596793879576,0.0023469295990011887,,,-0.02722274120636548,-0.004088094313977371,,,,,-0.002975383167242971,-0.0008550038581812753,ether
16da8f9ca25f46a5adb5d65fe9238ed2,298.15,101.325,1,CC(C)OC(C)C,1.0,32.12,0.0,36.46780673114963,0.3035993748648175,18.903423371430048,0.03571428571428571,25.6831695776047,0.0010234937411789065,-0.38841357899236134,0.014083618885373145,,,-0.16372169810156817,-0.026798421646354872,,,,,-0.014518753264305982,-0.006155362316615419,ether
bb09c2d9541843a8bb9b84ccf9fd4d26,298.15,101.325,1,CCCCOCCCC,1.0,44.99,0.0,50.924593443729535,0.36265152982007376,35.219399342357555,0.03571428571428571,25.6831695776047,0.001906894538978762,-0.6980118652997868,0.012596283271168305,,,-0.3252758311463053,-0.06271835420695214,,,,,-0.02054847913612766,-0.005424795631113904,ether
