Id,Temperature (K),Pressure (kPa),N Components,Component 1,Mole Fraction 1,Reference Density Value (g / ml),Reference Density Uncertainty (g / ml),Estimated Density Value (g / ml),Estimated Density Uncertainty (g / ml),Delta^2,Weight,Denom,Term,d Term / d [#1:1]-[#6X4] epsilon,d Term / d [#1:1]-[#6X4] rmin_half,d Term / d [#6X4:1] epsilon,d Term / d [#6X4:1] rmin_half,d Term / d [#8X2H1+0:1] epsilon,d Term / d [#8X2H1+0:1] rmin_half,d Term / d [#6:1] epsilon,d Term / d [#6:1] rmin_half,d Term / d [#8:1] epsilon,d Term / d [#8:1] rmin_half,d Term / d [#8X2H0+0:1] epsilon,d Term / d [#8X2H0+0:1] rmin_half,Environment 1
6bce57dafd0a4f7db22c97be283f7072,298.15,101.325,1,CCCCCC,1.0,0.6549610000000001,0.0,0.6367745388496014,0.00024023787019574415,0.0003307473691749605,0.007874015748031496,0.04821932532357388,0.0011200835484087087,0.5110962014911594,-0.0815327855301329,0.31313325543980935,0.03800383533540504,,,,,,,,,alkane
98dfde7944bf44bea8000f1e4d6ea8e4,298.15,101.325,1,CC(C)CC(C)(C)C,1.0,0.6877900000000001,0.0,0.7040439687327523,0.0002146974328296919,0.00026419149956528616,0.007874015748031496,0.04821932532357388,0.0008946905701189962,-0.43468462397728946,0.05637323979771503,-0.23338100133323528,-0.027947762308501725,,,,,,,,,alkane
6592c1fb6333488eb660fc3dafe00290,298.15,101.325,1,CC1CCCCC1,1.0,0.7667000000000003,0.0,0.759667660504299,0.00024091928053391785,4.94537987827998e-05,0.007874015748031496,0.04821932532357388,0.0001674764233532782,0.1306324921574309,-0.033020500074117436,0.12029453374707834,0.017392910463678926,,,,,,,,,alkane
87ff75ca440e4c8c8fe9335cb745f360,298.15,101.325,1,CCCCCCC,1.0,0.6796000000000002,0.0,0.6650827421480551,0.0002209902886692024,0.00021075077553986255,0.007874015748031496,0.04821932532357388,0.0007137123330275232,0.4697130707350249,-0.06121575500897955,0.2695646557850307,0.038405078408113594,,,,,,,,,alkane
7adf507e0d3b42bf93a24110e357fafe,298.15,101.325,1,CCCCCCCCCC,1.0,0.7261500000000002,0.0,0.7193244022172337,0.00015954359351341688,4.658878509210668e-05,0.007874015748031496,0.04821932532357388,0.0001577739888065848,0.12723687894308283,-0.03164888614050529,0.10508248637868059,0.012419285978673358,,,,,,,,,alkane
de7cf3d0de5741e5a35a443a439861e9,298.15,101.325,1,C1CCCCC1,1.0,0.7737800000000001,0.0,0.7534274649531465,0.0002375620970123403,0.0004142256828334056,0.007874015748031496,0.04821932532357388,0.001402784771432692,0.47117015063092155,-0.10020045186384152,0.39954977610810577,0.061670165520084266,,,,,,,,,alkane
