Id,Temperature (K),Pressure (kPa),N Components,Component 1,Mole Fraction 1,Reference Density Value (g / ml),Reference Density Uncertainty (g / ml),Estimated Density Value (g / ml),Estimated Density Uncertainty (g / ml),Delta^2,Weight,Denom,Term,d Term / d [#1:1]-[#6X4] epsilon,d Term / d [#1:1]-[#6X4] rmin_half,d Term / d [#6X4:1] epsilon,d Term / d [#6X4:1] rmin_half,d Term / d [#8X2H1+0:1] epsilon,d Term / d [#8X2H1+0:1] rmin_half,d Term / d [#6:1] epsilon,d Term / d [#6:1] rmin_half,d Term / d [#8:1] epsilon,d Term / d [#8:1] rmin_half,d Term / d [#8X2H0+0:1] epsilon,d Term / d [#8X2H0+0:1] rmin_half,Environment 1
0b24264e4f7041f1b0599746a6bcbe94,298.15,101.325,1,O=C1CCCCCC1,1.0,0.9476200000000002,0.0,0.9312599547929127,0.00022487178761527513,0.00026765107917794864,0.03571428571428571,0.04821932532357388,0.004111200982339688,0.5792195683205107,-0.30572326376339387,0.9639489179364549,0.05000146029119975,,,0.19760744833942884,0.02514645797481091,0.06645132365367976,-0.048503853008678835,,,ketone
a5717fa9521e409f9a64b296b86f1259,298.15,101.325,1,O=C1CCCCC1,1.0,0.9430000000000002,0.0,0.923085422918404,0.00022705331965537051,0.00039659038033883513,0.03571428571428571,0.04821932532357388,0.006091747383359032,0.9896649604864723,-0.32700164150402394,1.103984078907973,0.04086548980009149,,,0.22182562269897185,0.007263711668346442,0.08104495070455246,-0.08298669443684113,,,ketone
7bd17fead51341e48da1d3a641e5f6c2,298.15,101.325,1,CCCC(C)=O,1.0,0.8019900000000002,0.0,0.7747195379902082,0.00024167633513002396,0.0007436780982275085,0.03571428571428571,0.04821932532357388,0.011423119000184247,1.553349788634319,-0.5648018455820358,1.5690889617697634,0.030151750491213835,,,0.45592298097222234,0.05340869758421785,0.10373225726488593,-0.17677860236519854,,,ketone
11a3bedec99f4bdeb7a86cb925bace53,298.15,101.325,1,O=C1CCCC1,1.0,0.9453,0.0,0.9172933087684902,0.0002601457735248323,0.000784374753737127,0.03571428571428571,0.04821932532357388,0.012048231854662394,0.9835584879032178,-0.4955692541731076,1.5944809256981671,0.05472253980468907,,,0.4316109151576332,0.02920306245124449,0.1452613996928613,-0.1344664729961558,,,ketone
