Id,Temperature (K),Pressure (kPa),N Components,Component 1,Mole Fraction 1,Reference EnthalpyOfVaporization Value (kJ / mol),Reference EnthalpyOfVaporization Uncertainty (kJ / mol),Estimated EnthalpyOfVaporization Value (kJ / mol),Estimated EnthalpyOfVaporization Uncertainty (kJ / mol),Delta^2,Weight,Denom,Term,d Term / d [#1:1]-[#6X4] epsilon,d Term / d [#1:1]-[#6X4] rmin_half,d Term / d [#6:1] epsilon,d Term / d [#6:1] rmin_half,d Term / d [#6X4:1] epsilon,d Term / d [#6X4:1] rmin_half,d Term / d [#8:1] epsilon,d Term / d [#8:1] rmin_half,d Term / d [#8X2H1+0:1] epsilon,d Term / d [#8X2H1+0:1] rmin_half,d Term / d [#8X2H0+0:1] epsilon,d Term / d [#8X2H0+0:1] rmin_half,Environment 1
6b2d2f277d7b470da67f79b461d1a009,298.16,101.325,1,O=C1CCCC1,1.0,42.63,0.0,42.56947273307446,0.1718939279039021,0.003663550041475555,0.03571428571428571,25.6831695776047,1.9835669255617446e-07,0.004504523060161212,-0.000248563735097652,0.0005529460379258431,5.762102608999943e-05,0.002070014074602744,0.0002750066051901787,0.00024140120719290116,-5.00040867693631e-05,,,,,ketone
e8e70fcf04ee463a9671f8e8beb0cdba,298.15,101.325,1,CCCC(C)=O,1.0,38.43,0.0,39.20538137755019,0.2534229463125847,0.6012162806516298,0.03571428571428571,25.6831695776047,3.255183403826252e-05,-0.06575239692864107,0.0025513975825953456,-0.006397971401255771,-0.001022577147153853,-0.022327014806437794,-0.0029779004941530513,-0.002386965078418621,0.0006132738825707924,,,,,ketone
ccb77d44c1e74368bbfd37152c26ea21,298.16,101.325,1,O=C1CCCCC1,1.0,44.89,0.0,48.09567613284395,0.26886165736602063,10.276359468685328,0.03571428571428571,25.6831695776047,0.0005563960237064908,-0.2732776872598569,0.013087626547029257,-0.024231976516427573,-0.0022569851706394257,-0.12065217394689225,-0.01838672466836439,-0.011756401483944814,0.0016816630352784034,,,,,ketone
306e2ef66008434a91f82d02cf6e6983,298.16,101.325,1,O=C1CCCCCC1,1.0,49.54,0.0,52.99460941300919,0.29385790936167294,11.934326196451682,0.03571428571428571,25.6831695776047,0.0006461638152651561,-0.3875123952875401,0.010036397276063116,-0.02843395591335242,-0.004509774217983427,-0.15024657119502272,-0.027405094626842104,-0.012057858814022547,0.0018974150519273712,,,,,ketone
