Id,Temperature (K),Pressure (kPa),N Components,Component 1,Mole Fraction 1,Reference Density Value (g / ml),Reference Density Uncertainty (g / ml),Estimated Density Value (g / ml),Estimated Density Uncertainty (g / ml),Delta^2,Weight,Denom,Term,d Term / d [#1:1]-[#6X4] epsilon,d Term / d [#1:1]-[#6X4] rmin_half,d Term / d [#6X4:1] epsilon,d Term / d [#6X4:1] rmin_half,d Term / d [#8X2H1+0:1] epsilon,d Term / d [#8X2H1+0:1] rmin_half,d Term / d [#6:1] epsilon,d Term / d [#6:1] rmin_half,d Term / d [#8:1] epsilon,d Term / d [#8:1] rmin_half,d Term / d [#8X2H0+0:1] epsilon,d Term / d [#8X2H0+0:1] rmin_half,Environment 1
0b24264e4f7041f1b0599746a6bcbe94,298.15,101.325,1,O=C1CCCCCC1,1.0,0.9476200000000002,0.0,0.9235746802266505,0.00022327296255447083,0.000578177403002646,0.007874015748031496,0.04821932532357388,0.0019580110305347917,0.08588944141791933,-0.11097147414558399,0.30873939529811345,0.022454469783621256,,,0.050950884793593235,0.002559508282216065,0.013994901672518783,-0.03081087402429632,,,ketone
a5717fa9521e409f9a64b296b86f1259,298.15,101.325,1,O=C1CCCCC1,1.0,0.9430000000000002,0.0,0.9145428730069012,0.00026007374839855156,0.0008098080767013632,0.007874015748031496,0.04821932532357388,0.002742433617368781,0.11983045969725405,-0.1325459489908709,0.3536791260981318,0.011684787977880936,,,0.0708248615578316,0.0033601489258832224,0.024600883282721902,-0.03531875589165405,,,ketone
7bd17fead51341e48da1d3a641e5f6c2,298.15,101.325,1,CCCC(C)=O,1.0,0.8019900000000002,0.0,0.7710737729187691,0.0002474743925275399,0.0009558130969382469,0.007874015748031496,0.04821932532357388,0.0032368829657048064,0.54889198981887,-0.11220753098077049,0.364218387080633,0.022296262695882522,,,0.09541845014883656,0.009382348287673394,0.03770669820347935,-0.023298914518049274,,,ketone
11a3bedec99f4bdeb7a86cb925bace53,298.15,101.325,1,O=C1CCCC1,1.0,0.9453,0.0,0.9088652933512615,0.0002370050737104862,0.0013274878485796287,0.007874015748031496,0.04821932532357388,0.004495568033135181,0.09156584483695229,-0.15799509428735484,0.41409544255108144,0.009322816791865526,,,0.10900955497869237,0.007799454541832031,0.036403708441056726,-0.04400269111565154,,,ketone
