Id,Temperature (K),Pressure (kPa),N Components,Component 1,Mole Fraction 1,Reference Density Value (g / ml),Reference Density Uncertainty (g / ml),Estimated Density Value (g / ml),Estimated Density Uncertainty (g / ml),Delta^2,Weight,Denom,Term,d Term / d [#1:1]-[#6X4] epsilon,d Term / d [#1:1]-[#6X4] rmin_half,d Term / d [#6X4:1] epsilon,d Term / d [#6X4:1] rmin_half,d Term / d [#8X2H1+0:1] epsilon,d Term / d [#8X2H1+0:1] rmin_half,d Term / d [#6:1] epsilon,d Term / d [#6:1] rmin_half,d Term / d [#8:1] epsilon,d Term / d [#8:1] rmin_half,d Term / d [#8X2H0+0:1] epsilon,d Term / d [#8X2H0+0:1] rmin_half,Environment 1
6bce57dafd0a4f7db22c97be283f7072,298.15,101.325,1,CCCCCC,1.0,0.6549610000000001,0.0,0.6314292524672601,0.0002539339821830575,0.0005537431419446156,0.007874015748031496,0.04821932532357388,0.0018752638452831203,0.8840132142196541,-0.08793963094751178,0.44815066843993484,0.05639110953623885,,,,,,,,,alkane
98dfde7944bf44bea8000f1e4d6ea8e4,298.15,101.325,1,CC(C)CC(C)(C)C,1.0,0.6877900000000001,0.0,0.7027751164298496,0.00022148029263930382,0.00022455371441614406,0.007874015748031496,0.04821932532357388,0.0007604563019775393,-0.29329037303784167,0.07447747705580075,-0.2497338333098767,-0.024057770258484903,,,,,,,,,alkane
6592c1fb6333488eb660fc3dafe00290,298.15,101.325,1,CC1CCCCC1,1.0,0.7667000000000003,0.0,0.7619305550707802,0.0002593702289126719,2.274760493286281e-05,0.007874015748031496,0.04821932532357388,7.703528561559709e-05,0.09080892553916295,-0.025830797839550636,0.09473958558436338,0.010167826442497195,,,,,,,,,alkane
87ff75ca440e4c8c8fe9335cb745f360,298.15,101.325,1,CCCCCCC,1.0,0.6796000000000002,0.0,0.6623909701464729,0.0002094953836059964,0.00029615070849959543,0.007874015748031496,0.04821932532357388,0.0010029211638702662,0.29492908322527905,-0.08800920050687366,0.2923289727573817,0.02756608003408472,,,,,,,,,alkane
7adf507e0d3b42bf93a24110e357fafe,298.15,101.325,1,CCCCCCCCCC,1.0,0.7261500000000002,0.0,0.7204737460884373,0.00016984862555109896,3.221985846853313e-05,0.007874015748031496,0.04821932532357388,0.00010911328937455719,0.11916183717166465,-0.021656364462177533,0.09038905286084008,0.012291947072512986,,,,,,,,,alkane
de7cf3d0de5741e5a35a443a439861e9,298.15,101.325,1,C1CCCCC1,1.0,0.7737800000000001,0.0,0.7546193592016525,0.000253503508009601,0.00036713015580330533,0.007874015748031496,0.04821932532357388,0.0012432946894355514,0.48076105516225115,-0.08635811316598552,0.37058762045378935,0.04145517917034069,,,,,,,,,alkane
