Id,Temperature (K),Pressure (kPa),N Components,Component 1,Mole Fraction 1,Reference EnthalpyOfVaporization Value (kJ / mol),Reference EnthalpyOfVaporization Uncertainty (kJ / mol),Estimated EnthalpyOfVaporization Value (kJ / mol),Estimated EnthalpyOfVaporization Uncertainty (kJ / mol),Delta^2,Weight,Denom,Term,d Term / d [#1:1]-[#6X4] epsilon,d Term / d [#1:1]-[#6X4] rmin_half,d Term / d [#6:1] epsilon,d Term / d [#6:1] rmin_half,d Term / d [#6X4:1] epsilon,d Term / d [#6X4:1] rmin_half,d Term / d [#8:1] epsilon,d Term / d [#8:1] rmin_half,d Term / d [#8X2H1+0:1] epsilon,d Term / d [#8X2H1+0:1] rmin_half,d Term / d [#8X2H0+0:1] epsilon,d Term / d [#8X2H0+0:1] rmin_half,Environment 1
44a094a1c4fb45fe88e49b08ac11c15e,298.15,101.325,1,C1CCCCC1,1.0,33.02,0.0,31.868182076481656,0.25966850646392936,1.3266845289381177,0.03571428571428571,25.6831695776047,7.183107975771519e-05,0.11599235303035717,-0.004155464870851045,,,0.04893305933856982,0.008800728522681111,,,,,,,alkane
a47bd2a5b343439293299dfb113ab2b6,298.15,101.325,1,CCCCCC,1.0,31.55,0.0,29.0554239718607,0.21669315932882155,6.222909560167242,0.03571428571428571,25.6831695776047,0.0003369288652964095,0.32022462413145164,-0.003002561709113282,,,0.10249770636044736,0.021288043504992835,,,,,,,alkane
5f2588d518fa4b3ca770debd4539df1c,298.15,101.325,1,CC1CCCCC1,1.0,35.38,0.0,35.580197854691555,0.2955466337826452,0.04007918102309992,0.03571428571428571,25.6831695776047,2.170019161223279e-06,-0.021570426812491574,0.0009105074493874351,,,-0.009783178417549464,-0.0019465691262038718,,,,,,,alkane
bdd784a45f7845ffb86c69f7c9491f41,298.15,101.325,1,CCCCCCC,1.0,36.58,0.0,33.5740984153449,0.3440673761697911,9.035444336632036,0.03571428571428571,25.6831695776047,0.0004892087822193072,0.3576381291837366,-0.007410020148362527,,,0.1284618186702001,0.0257955901305246,,,,,,,alkane
cf2c1c4f97df47efa288e70af17dea0e,298.15,101.325,1,CC(C)CC(C)(C)C,1.0,35.13,0.0,36.25809901516538,0.32239403812516054,1.2726073880170898,0.03571428571428571,25.6831695776047,6.890316484061228e-05,-0.14228435675729287,0.005531611958856853,,,-0.05328119680271325,-0.008689840806542353,,,,,,,alkane
deb81810e4c64cda9c8da9d9664747d2,298.15,101.325,1,CCCCCCCCCC,1.0,51.35,0.0,51.59123748865091,0.41739330987968803,0.058195525930597874,0.03571428571428571,25.6831695776047,3.1508978762335017e-06,-0.04407542040631013,0.0009723511304577079,,,-0.01706656159569754,-0.0038193193995862368,,,,,,,alkane
