Id,Temperature (K),Pressure (kPa),N Components,Component 1,Mole Fraction 1,Reference Density Value (g / ml),Reference Density Uncertainty (g / ml),Estimated Density Value (g / ml),Estimated Density Uncertainty (g / ml),Delta^2,Weight,Denom,Term,d Term / d [#1:1]-[#6X4] epsilon,d Term / d [#1:1]-[#6X4] rmin_half,d Term / d [#6X4:1] epsilon,d Term / d [#6X4:1] rmin_half,d Term / d [#8X2H1+0:1] epsilon,d Term / d [#8X2H1+0:1] rmin_half,d Term / d [#6:1] epsilon,d Term / d [#6:1] rmin_half,d Term / d [#8:1] epsilon,d Term / d [#8:1] rmin_half,d Term / d [#8X2H0+0:1] epsilon,d Term / d [#8X2H0+0:1] rmin_half,Environment 1
0b24264e4f7041f1b0599746a6bcbe94,298.15,101.325,1,O=C1CCCCCC1,1.0,0.9476200000000002,0.0,0.9339994061577399,0.0002704602466013013,0.00018552057661582006,0.03571428571428571,0.04821932532357388,0.0028496517898218277,0.05865053791665484,-0.28068621055752935,0.8263517152737052,0.0286915414250985,,,0.12802128712310362,-0.0012978897267863848,0.04835113242406613,-0.0580488651564726,,,ketone
a5717fa9521e409f9a64b296b86f1259,298.15,101.325,1,O=C1CCCCC1,1.0,0.9430000000000002,0.0,0.9258882109498292,0.00028437623970726606,0.000292813324497551,0.03571428571428571,0.04821932532357388,0.004497700629542846,-0.015060527301377856,-0.339691288168534,0.9700299789406444,0.012760432925113882,,,0.20219269734746725,0.004287138804794359,0.07144634189687753,-0.07465371972938886,,,ketone
7bd17fead51341e48da1d3a641e5f6c2,298.15,101.325,1,CCCC(C)=O,1.0,0.8019900000000002,0.0,0.7742466499119843,0.0002636987582746551,0.0007696934741062104,0.03571428571428571,0.04821932532357388,0.011822722989067651,1.930148649311355,-0.4879282238315367,1.4718917330298988,-0.025145394679705713,,,0.40586652067426504,0.032005563665680144,0.12290329586125084,-0.12521632945105698,,,ketone
11a3bedec99f4bdeb7a86cb925bace53,298.15,101.325,1,O=C1CCCC1,1.0,0.9453,0.0,0.9201531286588313,0.00025037829405693304,0.0006323651382492954,0.03571428571428571,0.04821932532357388,0.009713318494932741,-0.32084995902257946,-0.5255624132533483,1.3805400347375392,-0.04006777819852501,,,0.3813264480986153,0.022005862501596207,0.10759442031688264,-0.1519013678902859,,,ketone
