Id,Temperature (K),Pressure (kPa),N Components,Component 1,Mole Fraction 1,Reference EnthalpyOfVaporization Value (kJ / mol),Reference EnthalpyOfVaporization Uncertainty (kJ / mol),Estimated EnthalpyOfVaporization Value (kJ / mol),Estimated EnthalpyOfVaporization Uncertainty (kJ / mol),Delta^2,Weight,Denom,Term,d Term / d [#1:1]-[#6X4] epsilon,d Term / d [#1:1]-[#6X4] rmin_half,d Term / d [#6:1] epsilon,d Term / d [#6:1] rmin_half,d Term / d [#6X4:1] epsilon,d Term / d [#6X4:1] rmin_half,d Term / d [#8:1] epsilon,d Term / d [#8:1] rmin_half,d Term / d [#8X2H1+0:1] epsilon,d Term / d [#8X2H1+0:1] rmin_half,d Term / d [#8X2H0+0:1] epsilon,d Term / d [#8X2H0+0:1] rmin_half,Environment 1
6b2d2f277d7b470da67f79b461d1a009,298.16,101.325,1,O=C1CCCC1,1.0,42.63,0.0,42.681718128107796,0.24434169166501865,0.0026747647749741773,0.03571428571428571,25.6831695776047,1.4482059426597796e-07,-0.004237179206026222,0.0001242293371405584,-0.0004418539051733651,-6.208835131450389e-05,-0.0016160360275097871,-0.0002459318811526514,-0.00018965982043303751,2.2959652517859015e-05,,,,,ketone
e8e70fcf04ee463a9671f8e8beb0cdba,298.15,101.325,1,CCCC(C)=O,1.0,38.43,0.0,38.645116917873615,0.2581535394504766,0.046275288355443804,0.03571428571428571,25.6831695776047,2.5054968654316755e-06,-0.02034068936824753,0.000527562574548249,-0.0016918095949551646,-0.0002462019593392283,-0.006084309747105923,-0.0008278322867420749,-0.0006851607711475554,6.36160252746071e-05,,,,,ketone
ccb77d44c1e74368bbfd37152c26ea21,298.16,101.325,1,O=C1CCCCC1,1.0,44.89,0.0,47.098050734209366,0.2620549539893321,4.875488044842517,0.03571428571428571,25.6831695776047,0.0002639750166433162,-0.2002993408065758,0.007372455991693768,-0.017266257222295023,-0.002014880435169676,-0.08034547739868851,-0.012181352080846386,-0.007573900318041609,0.0017064476369181706,,,,,ketone
306e2ef66008434a91f82d02cf6e6983,298.16,101.325,1,O=C1CCCCCC1,1.0,49.54,0.0,52.09846313242256,0.28117595319236155,6.545733599965456,0.03571428571428571,25.6831695776047,0.0003544076244472483,-0.2657103265013087,0.012173008148776842,-0.020871658865780733,-0.003067078656340309,-0.11496128505341333,-0.018064934889653758,-0.009293481767949613,0.001227626845330757,,,,,ketone
