Id,Temperature (K),Pressure (kPa),N Components,Component 1,Mole Fraction 1,Reference Density Value (g / ml),Reference Density Uncertainty (g / ml),Estimated Density Value (g / ml),Estimated Density Uncertainty (g / ml),Delta^2,Weight,Denom,Term,d Term / d [#1:1]-[#6X4] epsilon,d Term / d [#1:1]-[#6X4] rmin_half,d Term / d [#6X4:1] epsilon,d Term / d [#6X4:1] rmin_half,d Term / d [#8X2H1+0:1] epsilon,d Term / d [#8X2H1+0:1] rmin_half,d Term / d [#6:1] epsilon,d Term / d [#6:1] rmin_half,d Term / d [#8:1] epsilon,d Term / d [#8:1] rmin_half,d Term / d [#8X2H0+0:1] epsilon,d Term / d [#8X2H0+0:1] rmin_half,Environment 1
0b24264e4f7041f1b0599746a6bcbe94,298.15,101.325,1,O=C1CCCCCC1,1.0,0.9476200000000002,0.0,0.933152771418666,0.0002994843071743202,0.00020930070282457322,0.03571428571428571,0.04821932532357388,0.0032149216722742293,-0.2155696635414593,-0.33085900749952074,0.860977163132938,0.007519008157510987,,,0.16788279152218186,0.016039148711929966,0.04982383794451018,-0.06964229241586826,,,ketone
a5717fa9521e409f9a64b296b86f1259,298.15,101.325,1,O=C1CCCCC1,1.0,0.9430000000000002,0.0,0.9256764114618663,0.00033694021913621843,0.00030010671983856323,0.03571428571428571,0.04821932532357388,0.004609729373019819,0.6626509137498507,-0.2794434137071441,0.9618414984631036,0.0444250747164311,,,0.21509404530079632,0.02465282535879625,0.07663792980207441,-0.054984926329063814,,,ketone
7bd17fead51341e48da1d3a641e5f6c2,298.15,101.325,1,CCCC(C)=O,1.0,0.8019900000000002,0.0,0.775381752910533,0.00026447325115810976,0.000707998813174139,0.03571428571428571,0.04821932532357388,0.010875074463203075,1.2625846324959662,-0.5056286088957881,1.3975590733859244,-0.014400715340617817,,,0.3743446434135036,0.0274401583814693,0.11583347471130012,-0.12282553438638784,,,ketone
11a3bedec99f4bdeb7a86cb925bace53,298.15,101.325,1,O=C1CCCC1,1.0,0.9453,0.0,0.9194654691536287,0.00026357008986294464,0.0006674229840521117,0.03571428571428571,0.04821932532357388,0.010251817538336287,-0.561219028711056,-0.5758798971909788,1.4792327497972255,-0.016976860790702847,,,0.3722940801273781,0.0007922697720696073,0.12123724478910959,-0.15803824594807314,,,ketone
