Id,Temperature (K),Pressure (kPa),N Components,Component 1,Mole Fraction 1,Reference EnthalpyOfVaporization Value (kJ / mol),Reference EnthalpyOfVaporization Uncertainty (kJ / mol),Estimated EnthalpyOfVaporization Value (kJ / mol),Estimated EnthalpyOfVaporization Uncertainty (kJ / mol),Delta^2,Weight,Denom,Term,d Term / d [#1:1]-[#6X4] epsilon,d Term / d [#1:1]-[#6X4] rmin_half,d Term / d [#6:1] epsilon,d Term / d [#6:1] rmin_half,d Term / d [#6X4:1] epsilon,d Term / d [#6X4:1] rmin_half,d Term / d [#8:1] epsilon,d Term / d [#8:1] rmin_half,d Term / d [#8X2H1+0:1] epsilon,d Term / d [#8X2H1+0:1] rmin_half,d Term / d [#8X2H0+0:1] epsilon,d Term / d [#8X2H0+0:1] rmin_half,Environment 1
6b2d2f277d7b470da67f79b461d1a009,298.16,101.325,1,O=C1CCCC1,1.0,42.63,0.0,43.37147849798522,0.23541199319712416,0.549790362974418,0.03571428571428571,25.6831695776047,2.9767465099218533e-05,-0.06047374189605322,0.001883440989282109,-0.006120081283535077,-0.0007501694256672757,-0.023449070817440434,-0.0033988059202368207,-0.0028810673541342707,0.00012049217168209288,,,,,ketone
e8e70fcf04ee463a9671f8e8beb0cdba,298.15,101.325,1,CCCC(C)=O,1.0,38.43,0.0,39.69799572254379,0.26765080381587153,1.6078131523893415,0.03571428571428571,25.6831695776047,8.705231143173245e-05,-0.11678207761599761,0.0034995852880040546,-0.009859677297292887,-0.0014325734052745868,-0.03728995527169626,-0.005323647340598308,-0.003945876870308487,0.0008083623242550428,,,,,ketone
ccb77d44c1e74368bbfd37152c26ea21,298.16,101.325,1,O=C1CCCCC1,1.0,44.89,0.0,48.286387821507674,0.26915078849419966,11.535450234085639,0.03571428571428571,25.6831695776047,0.0006245673539805103,-0.3256271623094305,0.010899224732928836,-0.028574393698285076,-0.004609245045083563,-0.1299068268982312,-0.02076872208748688,-0.013763869331868973,-0.000905530604504408,,,,,ketone
306e2ef66008434a91f82d02cf6e6983,298.16,101.325,1,O=C1CCCCCC1,1.0,49.54,0.0,53.281196925624094,0.28533600721474395,13.996554436299181,0.03571428571428571,25.6831695776047,0.0007578196595476424,-0.4586823490823911,0.006672696727305955,-0.027159596230882384,-0.0040698273241542345,-0.15589622073421455,-0.02771165241697309,-0.013788514476081173,-0.000521871758484692,,,,,ketone
