Id,Temperature (K),Pressure (kPa),N Components,Component 1,Mole Fraction 1,Reference Density Value (g / ml),Reference Density Uncertainty (g / ml),Estimated Density Value (g / ml),Estimated Density Uncertainty (g / ml),Delta^2,Weight,Denom,Term,d Term / d [#1:1]-[#6X4] epsilon,d Term / d [#1:1]-[#6X4] rmin_half,d Term / d [#6X4:1] epsilon,d Term / d [#6X4:1] rmin_half,d Term / d [#8X2H1+0:1] epsilon,d Term / d [#8X2H1+0:1] rmin_half,d Term / d [#6:1] epsilon,d Term / d [#6:1] rmin_half,d Term / d [#8:1] epsilon,d Term / d [#8:1] rmin_half,d Term / d [#8X2H0+0:1] epsilon,d Term / d [#8X2H0+0:1] rmin_half,Environment 1
6bce57dafd0a4f7db22c97be283f7072,298.15,101.325,1,CCCCCC,1.0,0.6549610000000001,0.0,0.6391293464633905,0.00022121896182385572,0.00025064125370324473,0.007874015748031496,0.04821932532357388,0.0008488023518549313,0.43149904704071285,-0.05980767038362622,0.24949629487236308,0.028802075222163152,,,,,,,,,alkane
98dfde7944bf44bea8000f1e4d6ea8e4,298.15,101.325,1,CC(C)CC(C)(C)C,1.0,0.6877900000000001,0.0,0.7054781404982255,0.00017969094145920935,0.00031287031428496234,0.007874015748031496,0.04821932532357388,0.0010595424921752603,-0.5000214224066087,0.06451809080821116,-0.2784845692434833,-0.03740009055909944,,,,,,,,,alkane
6592c1fb6333488eb660fc3dafe00290,298.15,101.325,1,CC1CCCCC1,1.0,0.7667000000000003,0.0,0.7638554327463817,0.00025569047020900453,8.091562860359212e-06,0.007874015748031496,0.04821932532357388,2.740226313337341e-05,0.053784348854230224,-0.012606717247766004,0.04565147151568125,0.004836980606411239,,,,,,,,,alkane
87ff75ca440e4c8c8fe9335cb745f360,298.15,101.325,1,CCCCCCC,1.0,0.6796000000000002,0.0,0.6674880466664374,0.00019887297732009077,0.0001466994135544043,0.007874015748031496,0.04821932532357388,0.0004968009272254355,0.21035909264190503,-0.05380601050413103,0.17344006871662596,0.015134341188170176,,,,,,,,,alkane
7adf507e0d3b42bf93a24110e357fafe,298.15,101.325,1,CCCCCCCCCC,1.0,0.7261500000000002,0.0,0.7223055954786184,0.00017151119729115472,1.4779446124020786e-05,0.007874015748031496,0.04821932532357388,5.005093313184178e-05,0.07334021161725027,-0.0145147412675071,0.05438412723662491,0.00642055846635048,,,,,,,,,alkane
de7cf3d0de5741e5a35a443a439861e9,298.15,101.325,1,C1CCCCC1,1.0,0.7737800000000001,0.0,0.7581134731643632,0.0002706094041641732,0.0002454400630917331,0.007874015748031496,0.04821932532357388,0.0008311884006068105,0.23955621470393634,-0.07382211524230863,0.24930814705247648,0.02470881859918686,,,,,,,,,alkane
