Id,Temperature (K),Pressure (kPa),N Components,Component 1,Mole Fraction 1,Reference Density Value (g / ml),Reference Density Uncertainty (g / ml),Estimated Density Value (g / ml),Estimated Density Uncertainty (g / ml),Delta^2,Weight,Denom,Term,d Term / d [#1:1]-[#6X4] epsilon,d Term / d [#1:1]-[#6X4] rmin_half,d Term / d [#6X4:1] epsilon,d Term / d [#6X4:1] rmin_half,d Term / d [#8X2H1+0:1] epsilon,d Term / d [#8X2H1+0:1] rmin_half,d Term / d [#6:1] epsilon,d Term / d [#6:1] rmin_half,d Term / d [#8:1] epsilon,d Term / d [#8:1] rmin_half,d Term / d [#8X2H0+0:1] epsilon,d Term / d [#8X2H0+0:1] rmin_half,Environment 1
6bce57dafd0a4f7db22c97be283f7072,298.15,101.325,1,CCCCCC,1.0,0.6549610000000001,0.0,0.6393341902210528,0.00021823441076414732,0.00024419718386740517,0.007874015748031496,0.04821932532357388,0.0008269793616194368,0.4355735018623269,-0.06620279107522865,0.26000309872029326,0.02800406906770693,,,,,,,,,alkane
98dfde7944bf44bea8000f1e4d6ea8e4,298.15,101.325,1,CC(C)CC(C)(C)C,1.0,0.6877900000000001,0.0,0.7056649244520152,0.0001634970397522187,0.00031951292416524757,0.007874015748031496,0.04821932532357388,0.001082037842822989,-0.342109870348663,0.06725731834908871,-0.23054206840940755,-0.022466125833196356,,,,,,,,,alkane
6592c1fb6333488eb660fc3dafe00290,298.15,101.325,1,CC1CCCCC1,1.0,0.7667000000000003,0.0,0.7636694474951865,0.00020834065978965425,9.184248484432992e-06,0.007874015748031496,0.04821932532357388,3.110266805015544e-05,0.04477322701335604,-0.014626699296225608,0.048669050410704434,0.005387534601494532,,,,,,,,,alkane
87ff75ca440e4c8c8fe9335cb745f360,298.15,101.325,1,CCCCCCC,1.0,0.6796000000000002,0.0,0.6676950614994306,0.00019767181862003234,0.00014172756070234476,0.007874015748031496,0.04821932532357388,0.0004799636335574851,0.2658201707224201,-0.05297549403051265,0.1899022530014514,0.02028760460199753,,,,,,,,,alkane
7adf507e0d3b42bf93a24110e357fafe,298.15,101.325,1,CCCCCCCCCC,1.0,0.7261500000000002,0.0,0.7228971992186466,0.00021881569296536093,1.0580712923174546e-05,0.007874015748031496,0.04821932532357388,3.5831826887227855e-05,0.048781537902857636,-0.014804251851822487,0.047265341082723726,0.004837154742957311,,,,,,,,,alkane
de7cf3d0de5741e5a35a443a439861e9,298.15,101.325,1,C1CCCCC1,1.0,0.7737800000000001,0.0,0.758406133413785,0.0002531895157343584,0.00023635577381074082,0.007874015748031496,0.04821932532357388,0.0008004242466907668,0.21621087642967457,-0.08131367829703416,0.261166222566481,0.027253423884898806,,,,,,,,,alkane
