Id,Temperature (K),Pressure (kPa),N Components,Component 1,Mole Fraction 1,Reference Density Value (g / ml),Reference Density Uncertainty (g / ml),Estimated Density Value (g / ml),Estimated Density Uncertainty (g / ml),Delta^2,Weight,Denom,Term,d Term / d [#1:1]-[#6X4] epsilon,d Term / d [#1:1]-[#6X4] rmin_half,d Term / d [#6X4:1] epsilon,d Term / d [#6X4:1] rmin_half,d Term / d [#8X2H1+0:1] epsilon,d Term / d [#8X2H1+0:1] rmin_half,d Term / d [#6:1] epsilon,d Term / d [#6:1] rmin_half,d Term / d [#8:1] epsilon,d Term / d [#8:1] rmin_half,d Term / d [#8X2H0+0:1] epsilon,d Term / d [#8X2H0+0:1] rmin_half,Environment 1
0b24264e4f7041f1b0599746a6bcbe94,298.15,101.325,1,O=C1CCCCCC1,1.0,0.9476200000000002,0.0,0.9311461607407937,0.0002305317517834735,0.0002713873799381745,0.03571428571428571,0.04821932532357388,0.004168591684454304,-0.26218683251246105,-0.32794548992635675,0.8395308249600889,0.003485862449290852,,,0.13881628594197193,0.0006244938513892835,0.055736794079239926,-0.05457195218014026,,,ketone
a5717fa9521e409f9a64b296b86f1259,298.15,101.325,1,O=C1CCCCC1,1.0,0.9430000000000002,0.0,0.9232579738577773,0.00026281872401531635,0.00038974759620021113,0.03571428571428571,0.04821932532357388,0.005986640163320717,-0.32780933470104556,-0.4254856508237816,1.1218567373402824,0.0201788919344147,,,0.26983541382372467,0.03031701090595023,0.08341031366150155,-0.08937870751561702,,,ketone
7bd17fead51341e48da1d3a641e5f6c2,298.15,101.325,1,CCCC(C)=O,1.0,0.8019900000000002,0.0,0.7750512971280638,0.00023074887823841748,0.000725693712422477,0.03571428571428571,0.04821932532357388,0.011146873431455333,1.8874213192306981,-0.4703936374327076,1.4676210558740554,0.022100591481973242,,,0.4295572788811303,0.052917911405659705,0.16754763419173843,-0.042096493495785786,,,ketone
11a3bedec99f4bdeb7a86cb925bace53,298.15,101.325,1,O=C1CCCC1,1.0,0.9453,0.0,0.916348845375368,0.0002557468792233107,0.0008381693540993536,0.03571428571428571,0.04821932532357388,0.012874533076884326,0.17334637245380724,-0.5399855083990106,1.5324719916458114,-0.010873635692689627,,,0.418258239387305,0.016840350245649952,0.13670904449110283,-0.15216003868823721,,,ketone
