Id,Temperature (K),Pressure (kPa),N Components,Component 1,Mole Fraction 1,Reference EnthalpyOfVaporization Value (kJ / mol),Reference EnthalpyOfVaporization Uncertainty (kJ / mol),Estimated EnthalpyOfVaporization Value (kJ / mol),Estimated EnthalpyOfVaporization Uncertainty (kJ / mol),Delta^2,Weight,Denom,Term,d Term / d [#1:1]-[#6X4] epsilon,d Term / d [#1:1]-[#6X4] rmin_half,d Term / d [#6:1] epsilon,d Term / d [#6:1] rmin_half,d Term / d [#6X4:1] epsilon,d Term / d [#6X4:1] rmin_half,d Term / d [#8:1] epsilon,d Term / d [#8:1] rmin_half,d Term / d [#8X2H1+0:1] epsilon,d Term / d [#8X2H1+0:1] rmin_half,d Term / d [#8X2H0+0:1] epsilon,d Term / d [#8X2H0+0:1] rmin_half,Environment 1
6b2d2f277d7b470da67f79b461d1a009,298.16,101.325,1,O=C1CCCC1,1.0,42.63,0.0,42.7485979801157,0.2333202270990074,0.014065480887522708,0.03571428571428571,25.6831695776047,7.615515651418204e-07,-0.009807045403294277,0.0003542300062747887,-0.0010959288179338558,-0.00014225774471693443,-0.003969830898857969,-0.0005832573446968547,-0.00048208166831985403,7.310046399040532e-05,,,,,ketone
e8e70fcf04ee463a9671f8e8beb0cdba,298.15,101.325,1,CCCC(C)=O,1.0,38.43,0.0,39.58161939762164,0.2775459173243971,1.3262272369784223,0.03571428571428571,25.6831695776047,7.180632046150503e-05,-0.10136399844909108,0.003417996798402837,-0.009416035870349775,-0.0014003472135719554,-0.033159572177595506,-0.00442675708029327,-0.00409021214529437,9.345826018951147e-05,,,,,ketone
ccb77d44c1e74368bbfd37152c26ea21,298.16,101.325,1,O=C1CCCCC1,1.0,44.89,0.0,48.009981663464124,0.30442012705493027,9.734285580352362,0.03571428571428571,25.6831695776047,0.0005270463540163,-0.3315888790130946,0.008211069724858508,-0.027112034998679934,-0.004287527970993737,-0.11849106710222988,-0.017898099994146637,-0.012130753460407297,0.000909213501109944,,,,,ketone
306e2ef66008434a91f82d02cf6e6983,298.16,101.325,1,O=C1CCCCCC1,1.0,49.54,0.0,52.281858421108346,0.2709965143626299,7.517787601402757,0.03571428571428571,25.6831695776047,0.00040703783681728025,-0.26527752535967497,0.012757949295394491,-0.0215043895384869,-0.0025388592754440097,-0.11578843286954742,-0.01669232155317633,-0.010677109495508815,0.0004325637985896495,,,,,ketone
